img;view;view_proba;manufacturer;manufacturer_proba;type;type_proba
0.jpg;Meal;0.6540541648864746;;;;
1.jpg;Int;0.990422248840332;Boeing;0.99078465;777;0.88438797
10.jpg;Int;0.9999990463256836;Airbus;0.8713644;A321;0.59938234
100.jpg;Meal;0.583206832408905;;;;
1000.jpg;Ext;0.5593155026435852;Boeing;;777;0.9871285
1001.jpg;Int;0.9999109506607056;Boeing;0.99586844;777;0.9959157
1002.jpg;Int;0.7917115092277527;Boeing;0.9981013;777;0.6502707
1003.jpg;Int;0.997353196144104;Boeing;0.98678696;777;0.99994123
1004.jpg;Int;0.9907558560371399;Airbus;0.71603805;A321;0.8268518
1005.jpg;Int;0.9967560172080994;Boeing;0.94298196;777;0.9996909
1006.jpg;Int;0.9991018772125244;Boeing;0.93383396;777;0.9983683
1007.jpg;Int;0.9979760050773621;Boeing;0.92771614;777;0.8937342
1008.jpg;Int;0.9994662404060364;Boeing;0.957612;777;0.99440825
1009.jpg;Int;0.9988313317298889;Boeing;0.98754555;777;0.9979855
101.jpg;Int;0.9101579189300537;Boeing;0.5790042;777;0.99923253
1010.jpg;Int;0.9881935715675354;Boeing;0.9657826;777;0.99875927
1011.jpg;Int;0.9237444996833801;Airbus;0.7575394;A330;0.52924615
1012.jpg;Ext;0.36136308312416077;Boeing;;737;0.7156198
1013.jpg;Int;0.9999843835830688;Airbus;0.5119169;A350;0.6650985
1014.jpg;Int;0.9019488096237183;Boeing;0.56418043;777;0.9970891
1015.jpg;Int;0.9996964931488037;Airbus;0.8892119;A321;0.6004792
1016.jpg;Int;0.9847809076309204;Airbus;0.99158365;A321;0.8538943
1017.jpg;Int;0.9995119571685791;Airbus;0.86703044;A321;0.5845392
1018.jpg;Int;0.7660362124443054;Airbus;0.9999591;A321;0.7088635
1019.jpg;Int;0.7875055074691772;Airbus;0.86319584;A330;0.42470035
102.jpg;Int;0.9753378629684448;Airbus;0.66663635;A320;0.6715006
1020.jpg;Int;0.9999758005142212;Boeing;0.99999404;777;0.9999993
1021.jpg;Ext;0.9585060477256775;Boeing;;737;0.8528728
1022.jpg;Int;0.8921001553535461;Boeing;0.68544686;777;0.9755646
1023.jpg;Int;0.7367751598358154;Boeing;0.9790804;777;0.9983588
1024.jpg;Int;0.7304850220680237;Boeing;0.5531615;777;0.99912375
1025.jpg;Int;0.9989280104637146;Boeing;0.61887324;777;0.797938
1026.jpg;Int;0.9653613567352295;Boeing;0.99166757;777;0.92608464
1027.jpg;Int;0.9997958540916443;Boeing;0.9714324;777;0.9995863
1028.jpg;Int;0.9804847836494446;Boeing;0.9915044;777;0.8968372
1029.jpg;Int;0.7068800330162048;Boeing;0.99482167;737;0.8047084
103.jpg;Int;0.9992673993110657;Boeing;0.80131155;777;0.961468
1030.jpg;Int;0.7788965106010437;Boeing;0.8591801;777;0.98952466
1031.jpg;Ext;0.9917572140693665;Airbus;;A330;0.92756975
1032.jpg;Int;0.9995429515838623;Airbus;0.67618966;A330;0.47399908
1033.jpg;Int;0.9899559020996094;Airbus;0.5699249;A321;0.6472872
1034.jpg;Int;0.9769651889801025;Boeing;0.9943705;777;0.8546878
1035.jpg;Int;0.9834772944450378;Boeing;0.9378983;737;0.58185256
1036.jpg;Int;0.6231033802032471;Airbus;0.76126915;A330;0.45314434
1037.jpg;Int;0.9916698932647705;Airbus;0.8389934;A320;0.66888255
1038.jpg;Int;0.9615445733070374;Airbus;0.541254;A350;0.66741014
1039.jpg;Meal;0.6011077165603638;;;;
104.jpg;Int;0.9998575448989868;Boeing;0.83986974;777;0.9777735
1040.jpg;Int;0.9240075349807739;Airbus;0.9977723;A330;0.77398694
1041.jpg;Int;0.9652436375617981;Boeing;0.97755104;777;0.9994456
1042.jpg;Int;0.8725115656852722;Airbus;0.9447026;A350;0.35998365
1043.jpg;Int;0.864492654800415;Airbus;0.9817281;A350;0.5133285
1044.jpg;Ext_Int;0.39140215516090393;;;;
1045.jpg;Int;0.9961532950401306;Boeing;0.989066;777;0.99990404
1046.jpg;Int;0.9942132830619812;Boeing;0.9762014;777;0.999741
1047.jpg;Int;0.9758971333503723;Boeing;0.92448676;777;0.9997265
1048.jpg;Int;0.999968409538269;Airbus;0.99030274;A321;0.59800845
1049.jpg;Int;0.9647083282470703;Boeing;0.81666666;777;0.9992618
105.jpg;Ext;0.9836697578430176;Boeing;;777;0.8157978
1050.jpg;Int;0.7727464437484741;Airbus;0.82751644;A321;0.8474245
1051.jpg;Int;0.9990027546882629;Boeing;0.9684693;777;0.9941877
1052.jpg;Int;0.999945878982544;Airbus;0.9309808;A321;0.82446986
1053.jpg;Int;0.9963395595550537;Airbus;0.50434446;A350;0.75344056
1054.jpg;Int;0.5654104351997375;Airbus;0.6497473;A321;0.59879255
1055.jpg;Int;0.6352569460868835;Boeing;0.54432815;777;0.9927874
1056.jpg;Int;0.9932882189750671;Airbus;0.731525;A350;0.56266373
1057.jpg;Int;0.976967453956604;Boeing;0.8962628;777;0.9999335
1058.jpg;Int;0.9994363188743591;Airbus;0.983021;A321;0.648933
1059.jpg;Int;0.9860817193984985;Airbus;0.994785;A330;0.7472464
106.jpg;Ext;1.0;Airbus;;A320;0.86332804
1060.jpg;Int;0.9410514831542969;Boeing;0.9978073;737;0.44764033
1061.jpg;Int;0.9739771485328674;Boeing;0.5736019;777;0.73397624
1062.jpg;Int;0.9397894740104675;Boeing;0.9437961;777;0.96969414
1063.jpg;Meal;0.614259660243988;;;;
1064.jpg;Int;0.9943773150444031;Boeing;0.9764998;777;0.80501306
1065.jpg;Int;0.9555343985557556;Boeing;0.9508083;757;0.44166532
1066.jpg;Int;0.9998254179954529;Airbus;0.9572207;A321;0.49076197
1067.jpg;Int;0.9804731607437134;Airbus;0.9950287;A330;0.7358064
1068.jpg;Int;0.6756577491760254;Airbus;0.9901916;A330;0.9497028
1069.jpg;Int;0.9198727011680603;Boeing;0.7514599;777;0.32373005
107.jpg;Ext;0.9585060477256775;Boeing;;737;0.8528728
1070.jpg;Meal;0.5912419557571411;;;;
1071.jpg;Int;0.9996360540390015;Boeing;0.9924561;777;0.9995352
1072.jpg;Int;0.9999551773071289;Boeing;0.9708874;777;0.97840697
1073.jpg;Int;0.8170143961906433;Airbus;0.8085379;A321;0.49723753
1074.jpg;Ext;0.5593155026435852;Boeing;;777;0.9871285
1075.jpg;Int;0.9999109506607056;Boeing;0.99586844;777;0.9959157
1076.jpg;Int;0.7917115092277527;Boeing;0.9981013;777;0.6502707
1077.jpg;Int;0.997353196144104;Boeing;0.98678696;777;0.99994123
1078.jpg;Int;0.9907558560371399;Airbus;0.71603805;A321;0.8268518
1079.jpg;Int;0.9967560172080994;Boeing;0.94298196;777;0.9996909
108.jpg;Meal;0.9797192215919495;;;;
1080.jpg;Int;0.9968467354774475;Airbus;0.97254264;A321;0.9079998
1081.jpg;Meal;0.7826462388038635;;;;
1082.jpg;Int;0.9999998807907104;Boeing;0.8397294;777;0.9614921
1083.jpg;Ext_Int;0.551030158996582;;;;
1084.jpg;Int;0.8957674503326416;Boeing;0.9312057;777;0.85617304
1085.jpg;Int;0.9995232820510864;Airbus;0.7858518;A321;0.8399804
1086.jpg;Int;0.5792078375816345;Boeing;0.92540413;777;0.7834531
1087.jpg;Int;0.9905670285224915;Boeing;0.99349976;777;0.99790037
1088.jpg;Int;0.9750873446464539;Boeing;0.99681795;777;0.9847685
1089.jpg;Int;0.9376679062843323;Airbus;0.9600628;A330;0.4311766
109.jpg;Int;0.8833740949630737;Boeing;0.97056276;737;0.65727717
1090.jpg;Int;0.8921001553535461;Boeing;0.68544686;777;0.9755646
1091.jpg;Int;0.7367751598358154;Boeing;0.9790804;777;0.9983588
1092.jpg;Int;0.7304850220680237;Boeing;0.5531615;777;0.99912375
1093.jpg;Int;0.9989280104637146;Boeing;0.61887324;777;0.797938
1094.jpg;Int;0.9653613567352295;Boeing;0.99166757;777;0.92608464
1095.jpg;Int;0.9997958540916443;Boeing;0.9714324;777;0.9995863
1096.jpg;Int;0.7788965106010437;Boeing;0.8591801;777;0.98952466
1097.jpg;Int;0.9995429515838623;Airbus;0.67618966;A330;0.47399908
1098.jpg;Int;0.9899559020996094;Airbus;0.5699249;A321;0.6472872
1099.jpg;Int;0.9769651889801025;Boeing;0.9943705;777;0.8546878
11.jpg;Int;0.8959152102470398;Boeing;0.9504241;777;0.70299774
110.jpg;Int;0.9931938052177429;Boeing;0.9851452;777;0.8919882
1100.jpg;Int;0.9615445733070374;Airbus;0.541254;A350;0.66741014
1101.jpg;Meal;0.6011077165603638;;;;
1102.jpg;Int;0.9240075349807739;Airbus;0.9977723;A330;0.77398694
1103.jpg;Int;0.9652436375617981;Boeing;0.97755104;777;0.9994456
1104.jpg;Int;0.8725115656852722;Airbus;0.9447026;A350;0.35998365
1105.jpg;Int;0.864492654800415;Airbus;0.9817281;A350;0.5133285
1106.jpg;Ext_Int;0.39140215516090393;;;;
1107.jpg;Int;0.9961532950401306;Boeing;0.989066;777;0.99990404
1108.jpg;Int;0.9942132830619812;Boeing;0.9762014;777;0.999741
1109.jpg;Int;0.9758971333503723;Boeing;0.92448676;777;0.9997265
111.jpg;Int;0.9998992681503296;Airbus;0.98049223;A330;0.66359156
1110.jpg;Int;0.7875055074691772;Airbus;0.86319584;A330;0.42470035
1111.jpg;Int;0.999968409538269;Airbus;0.99030274;A321;0.59800845
1112.jpg;Int;0.9647083282470703;Boeing;0.81666666;777;0.9992618
1113.jpg;Int;0.7727464437484741;Airbus;0.82751644;A321;0.8474245
1114.jpg;Int;0.9990027546882629;Boeing;0.9684693;777;0.9941877
1115.jpg;Int;0.999945878982544;Airbus;0.9309808;A321;0.82446986
1116.jpg;Int;0.9963395595550537;Airbus;0.50434446;A350;0.75344056
1117.jpg;Int;0.5654104351997375;Airbus;0.6497473;A321;0.59879255
1118.jpg;Int;0.6352569460868835;Boeing;0.54432815;777;0.9927874
1119.jpg;Int;0.9932882189750671;Airbus;0.731525;A350;0.56266373
112.jpg;Ext;0.5061293244361877;Airbus;;A321;0.45712698
1120.jpg;Int;0.976967453956604;Boeing;0.8962628;777;0.9999335
1121.jpg;Int;0.9994363188743591;Airbus;0.983021;A321;0.648933
1122.jpg;Int;0.9860817193984985;Airbus;0.994785;A330;0.7472464
1123.jpg;Int;0.9410514831542969;Boeing;0.9978073;737;0.44764033
1124.jpg;Int;0.9739771485328674;Boeing;0.5736019;777;0.73397624
1125.jpg;Int;0.9397894740104675;Boeing;0.9437961;777;0.96969414
1126.jpg;Meal;0.614259660243988;;;;
1127.jpg;Int;0.9943773150444031;Boeing;0.9764998;777;0.80501306
1128.jpg;Int;0.9555343985557556;Boeing;0.9508083;757;0.44166532
1129.jpg;Int;0.9998254179954529;Airbus;0.9572207;A321;0.49076197
113.jpg;Int;0.7470863461494446;Boeing;0.997609;777;0.9155909
1130.jpg;Int;0.9804731607437134;Airbus;0.9950287;A330;0.7358064
1131.jpg;Int;0.6756577491760254;Airbus;0.9901916;A330;0.9497028
1132.jpg;Int;0.9198727011680603;Boeing;0.7514599;777;0.32373005
1133.jpg;Meal;0.5912419557571411;;;;
1134.jpg;Int;0.9996360540390015;Boeing;0.9924561;777;0.9995352
1135.jpg;Int;0.9999551773071289;Boeing;0.9708874;777;0.97840697
1136.jpg;Int;0.8170143961906433;Airbus;0.8085379;A321;0.49723753
1137.jpg;Int;0.9911399483680725;Boeing;0.9359764;777;0.9998628
1138.jpg;Ext;0.5593155026435852;Boeing;;777;0.9871285
1139.jpg;Int;0.7875055074691772;Airbus;0.86319584;A330;0.42470035
114.jpg;Ext;0.9797123670578003;Airbus;;A320;0.96868694
1140.jpg;Meal;0.6011077165603638;;;;
1141.jpg;Int;0.8679128885269165;Boeing;0.6063123;777;0.9063777
1142.jpg;Ext;0.9585060477256775;Boeing;;737;0.8528728
115.jpg;Int;0.9997041821479797;Airbus;0.9289992;A330;0.91430706
116.jpg;Int;0.9981849789619446;Airbus;0.95240706;A330;0.88341916
117.jpg;Int;0.9999617338180542;Airbus;0.9926951;A321;0.5605912
118.jpg;Ext;0.8391718864440918;Airbus;;A320;0.7347409
119.jpg;Ext;1.0;Boeing;;777;0.9986939
12.jpg;Int;0.9995972514152527;Boeing;0.8146474;737;0.6601432
120.jpg;Meal;0.9925560355186462;;;;
121.jpg;Int;0.8553527593612671;Airbus;0.9537798;A330;0.9751256
122.jpg;Int;0.9788834452629089;Airbus;0.9728643;A330;0.64118385
123.jpg;Int;0.9998371601104736;Airbus;0.9927206;A320;0.5393209
124.jpg;Ext;0.8996553421020508;Airbus;;A330;0.6386344
125.jpg;Int;0.9101147651672363;Boeing;0.88197416;737;0.8970502
126.jpg;Ext;0.9280142784118652;Airbus;;A330;0.7884576
127.jpg;Ext_Int;0.9994109869003296;;;;
128.jpg;Ext;0.5298445224761963;Boeing;;777;0.98707944
129.jpg;Ext;0.9999711513519287;Airbus;;A330;0.4481352
13.jpg;Ext;0.9622185826301575;Airbus;;A321;0.8687438
130.jpg;Int;0.9996769428253174;Airbus;0.93660676;A330;0.8889245
131.jpg;Ext;0.9648550748825073;Airbus;;A330;0.57211256
132.jpg;Int;0.9999756813049316;Airbus;0.79325324;A321;0.37762195
133.jpg;Int;0.9961571097373962;Airbus;0.9770542;A320;0.96775347
134.jpg;Ext;0.9615330696105957;Boeing;;777;0.9823284
135.jpg;Int;0.9706982374191284;Boeing;0.6998442;777;0.94560236
136.jpg;Ext;1.0;Airbus;;A320;0.58535427
137.jpg;Int;0.9977505803108215;Boeing;0.99931765;777;0.76325345
138.jpg;Int;0.9997857213020325;Boeing;0.960868;777;0.9998271
139.jpg;Int;0.9997242093086243;Airbus;0.9302382;A350;0.6034914
14.jpg;Int;0.9963066577911377;Boeing;0.9947977;777;0.8658023
140.jpg;Ext;0.9979915618896484;Airbus;;A330;0.9669921
141.jpg;Int;0.9851421117782593;Boeing;0.7750569;777;0.9659633
142.jpg;Int;0.9999971389770508;Airbus;0.99988425;A350;0.5291661
143.jpg;Int;0.9636814594268799;Boeing;0.8652074;777;0.7377367
144.jpg;Int;0.998816728591919;Airbus;0.7603471;A330;0.9366332
145.jpg;Int;0.9636814594268799;Boeing;0.8652074;777;0.7377367
146.jpg;Int;0.9721807241439819;Boeing;0.95299476;777;0.9828493
147.jpg;Int;0.8949579000473022;Airbus;0.989944;A350;0.99905246
148.jpg;Int;1.0;Boeing;0.99564785;777;0.8662605
149.jpg;Int;0.9998999834060669;Boeing;0.71258307;777;0.8894441
15.jpg;Int;0.4584336578845978;Boeing;0.99930406;777;0.9825669
150.jpg;Int;0.9999984502792358;Boeing;0.9658115;777;0.9996698
151.jpg;Int;1.0;Airbus;0.6123673;A330;0.99597013
152.jpg;Int;0.9753378629684448;Airbus;0.66663635;A320;0.6715006
153.jpg;Int;0.9972904920578003;Airbus;0.9933409;A330;0.39991397
154.jpg;Int;0.8679128885269165;Boeing;0.6063123;777;0.9063777
155.jpg;Ext;0.9585060477256775;Boeing;;737;0.8528728
156.jpg;Int;0.9977505803108215;Boeing;0.99931765;777;0.76325345
157.jpg;Int;0.9183173775672913;Boeing;0.96079236;777;0.98973
158.jpg;Int;0.9556659460067749;Airbus;0.8712464;A350;0.5046437
159.jpg;Int;0.8189256191253662;Airbus;0.9991247;A350;0.5114438
16.jpg;Int;0.9243948459625244;Boeing;0.92494994;777;0.9998498
160.jpg;Int;0.9999992847442627;Airbus;0.94547844;A350;0.6631116
161.jpg;Int;0.9943154454231262;Boeing;0.992642;777;0.40952846
162.jpg;Int;0.9952451586723328;Airbus;0.94305915;A320;0.48141238
163.jpg;Meal;0.7419863343238831;;;;
164.jpg;Int;0.9478462338447571;Airbus;0.8273727;A321;0.35901922
165.jpg;Int;0.9916819930076599;Airbus;0.98642206;A330;0.36412808
166.jpg;Meal;0.9545338749885559;;;;
167.jpg;Int;0.9963066577911377;Boeing;0.9947977;777;0.8658023
168.jpg;Int;0.9636814594268799;Boeing;0.8652074;777;0.7377367
169.jpg;Int;0.9878048896789551;Airbus;0.8998004;A320;0.6332722
17.jpg;Int;0.9734372496604919;Boeing;0.8859863;777;0.82263047
170.jpg;Int;0.9999992847442627;Airbus;0.94547844;A350;0.6631116
171.jpg;Int;0.9943154454231262;Boeing;0.992642;777;0.40952846
172.jpg;Int;0.9952451586723328;Airbus;0.94305915;A320;0.48141238
173.jpg;Meal;0.7419863343238831;;;;
174.jpg;Int;0.9478462338447571;Airbus;0.8273727;A321;0.35901922
175.jpg;Int;0.9916819930076599;Airbus;0.98642206;A330;0.36412808
176.jpg;Meal;0.9545338749885559;;;;
177.jpg;Int;0.9998195767402649;Airbus;0.9222667;A330;0.9885129
178.jpg;Ext;0.9622185826301575;Airbus;;A321;0.8687438
179.jpg;Int;0.9963066577911377;Boeing;0.9947977;777;0.8658023
18.jpg;Int;0.9984509944915771;Airbus;0.53844637;A320;0.48180664
180.jpg;Int;0.4584336578845978;Boeing;0.99930406;777;0.9825669
181.jpg;Int;0.9243948459625244;Boeing;0.92494994;777;0.9998498
182.jpg;Int;0.9734372496604919;Boeing;0.8859863;777;0.82263047
183.jpg;Int;0.9984509944915771;Airbus;0.53844637;A320;0.48180664
184.jpg;Int;0.9998575448989868;Boeing;0.83986974;777;0.9777735
185.jpg;Meal;0.9797192215919495;;;;
186.jpg;Int;0.9931938052177429;Boeing;0.9851452;777;0.8919882
187.jpg;Int;0.9998992681503296;Airbus;0.98049223;A330;0.66359156
188.jpg;Int;0.7470863461494446;Boeing;0.997609;777;0.9155909
189.jpg;Int;0.9997041821479797;Airbus;0.9289992;A330;0.91430706
19.jpg;Ext;0.758715808391571;Boeing;;777;0.99999905
190.jpg;Int;0.9981849789619446;Airbus;0.95240706;A330;0.88341916
191.jpg;Int;0.9999617338180542;Airbus;0.9926951;A321;0.5605912
192.jpg;Ext;0.8391718864440918;Airbus;;A320;0.7347409
193.jpg;Ext;1.0;Boeing;;777;0.9986939
194.jpg;Ext;0.5298445224761963;Boeing;;777;0.98707944
195.jpg;Ext;0.9648550748825073;Airbus;;A330;0.57211256
196.jpg;Int;0.9961571097373962;Airbus;0.9770542;A320;0.96775347
197.jpg;Ext;0.9615330696105957;Boeing;;777;0.9823284
198.jpg;Int;0.9997857213020325;Boeing;0.960868;777;0.9998271
199.jpg;Int;1.0;Airbus;0.6123673;A330;0.99597013
2.jpg;Int;0.9999560117721558;Boeing;0.5346077;747;0.5479232
20.jpg;Meal;0.583206832408905;;;;
200.jpg;Meal;0.8643232583999634;;;;
201.jpg;Int;0.9183173775672913;Boeing;0.96079236;777;0.98973
202.jpg;Int;0.8189256191253662;Airbus;0.9991247;A350;0.5114438
203.jpg;Int;0.9999617338180542;Airbus;0.9926951;A321;0.5605912
204.jpg;Ext;0.9648550748825073;Airbus;;A330;0.57211256
205.jpg;Int;0.9999992847442627;Airbus;0.94547844;A350;0.6631116
206.jpg;Int;1.0;Boeing;0.94394535;777;0.89274395
207.jpg;Ext;0.9622185826301575;Airbus;;A321;0.8687438
208.jpg;Int;0.9963066577911377;Boeing;0.9947977;777;0.8658023
209.jpg;Int;0.4584336578845978;Boeing;0.99930406;777;0.9825669
21.jpg;Int;0.9101579189300537;Boeing;0.5790042;777;0.99923253
210.jpg;Int;0.9243948459625244;Boeing;0.92494994;777;0.9998498
211.jpg;Int;0.9734372496604919;Boeing;0.8859863;777;0.82263047
212.jpg;Meal;0.9797192215919495;;;;
213.jpg;Int;0.9931938052177429;Boeing;0.9851452;777;0.8919882
214.jpg;Int;0.9998992681503296;Airbus;0.98049223;A330;0.66359156
215.jpg;Int;0.7470863461494446;Boeing;0.997609;777;0.9155909
216.jpg;Int;0.9981849789619446;Airbus;0.95240706;A330;0.88341916
217.jpg;Int;0.9999617338180542;Airbus;0.9926951;A321;0.5605912
218.jpg;Int;0.9101147651672363;Boeing;0.88197416;737;0.8970502
219.jpg;Ext;0.5298445224761963;Boeing;;777;0.98707944
22.jpg;Int;0.9753378629684448;Airbus;0.66663635;A320;0.6715006
220.jpg;Ext;0.9648550748825073;Airbus;;A330;0.57211256
221.jpg;Int;0.9961571097373962;Airbus;0.9770542;A320;0.96775347
222.jpg;Ext;0.9615330696105957;Boeing;;777;0.9823284
223.jpg;Int;0.9997857213020325;Boeing;0.960868;777;0.9998271
224.jpg;Int;0.8189256191253662;Airbus;0.9991247;A350;0.5114438
225.jpg;Int;0.9101147651672363;Boeing;0.88197416;737;0.8970502
226.jpg;Int;0.9556659460067749;Airbus;0.8712464;A350;0.5046437
227.jpg;Ext;0.9280142784118652;Airbus;;A330;0.7884576
228.jpg;Int;0.9183173775672913;Boeing;0.96079236;777;0.98973
229.jpg;Int;0.9999985694885254;Boeing;0.76609313;777;0.6031654
23.jpg;Int;0.9992673993110657;Boeing;0.80131155;777;0.961468
230.jpg;Int;0.9993758797645569;Airbus;0.98032767;A330;0.5189317
231.jpg;Meal;0.7419863343238831;;;;
232.jpg;Ext_Int;0.8785725235939026;;;;
233.jpg;Ext_Int;0.546116054058075;;;;
234.jpg;Ext;0.9622185826301575;Airbus;;A321;0.8687438
235.jpg;Int;0.9963066577911377;Boeing;0.9947977;777;0.8658023
236.jpg;Int;0.4584336578845978;Boeing;0.99930406;777;0.9825669
237.jpg;Int;0.9243948459625244;Boeing;0.92494994;777;0.9998498
238.jpg;Int;0.9734372496604919;Boeing;0.8859863;777;0.82263047
239.jpg;Ext;1.0;Airbus;;A320;0.86332804
24.jpg;Int;0.9998575448989868;Boeing;0.83986974;777;0.9777735
240.jpg;Meal;0.9797192215919495;;;;
241.jpg;Int;0.9931938052177429;Boeing;0.9851452;777;0.8919882
242.jpg;Int;0.9998992681503296;Airbus;0.98049223;A330;0.66359156
243.jpg;Int;0.7470863461494446;Boeing;0.997609;777;0.9155909
244.jpg;Int;0.9981849789619446;Airbus;0.95240706;A330;0.88341916
245.jpg;Int;0.9999617338180542;Airbus;0.9926951;A321;0.5605912
246.jpg;Ext;0.8996553421020508;Airbus;;A330;0.6386344
247.jpg;Ext_Int;0.9994109869003296;;;;
248.jpg;Ext;0.5298445224761963;Boeing;;777;0.98707944
249.jpg;Ext;0.9648550748825073;Airbus;;A330;0.57211256
25.jpg;Ext;0.9836697578430176;Boeing;;777;0.8157978
250.jpg;Int;0.9961571097373962;Airbus;0.9770542;A320;0.96775347
251.jpg;Ext;0.9615330696105957;Boeing;;777;0.9823284
252.jpg;Int;0.9997857213020325;Boeing;0.960868;777;0.9998271
253.jpg;Int;0.9993758797645569;Airbus;0.98032767;A330;0.5189317
254.jpg;Int;0.9183173775672913;Boeing;0.96079236;777;0.98973
255.jpg;Int;0.7359287738800049;Boeing;0.67654806;777;0.86981064
256.jpg;Meal;0.9365955591201782;;;;
257.jpg;Meal;0.8886303305625916;;;;
258.jpg;Int;0.9976344108581543;Boeing;0.98661786;777;0.99114275
259.jpg;Int;0.9975466132164001;Boeing;0.8995982;777;0.9978173
26.jpg;Ext;1.0;Airbus;;A320;0.86332804
260.jpg;Int;0.9999862909317017;Boeing;0.9730452;777;0.59931
261.jpg;Meal;0.9454711675643921;;;;
262.jpg;Ext_Int;0.3988543748855591;;;;
263.jpg;Meal;0.925151526927948;;;;
264.jpg;Ext_Int;0.8250917792320251;;;;
265.jpg;Meal;0.9989833235740662;;;;
266.jpg;Int;0.9878048896789551;Airbus;0.8998004;A320;0.6332722
267.jpg;Int;0.9999992847442627;Airbus;0.94547844;A350;0.6631116
268.jpg;Meal;0.7419863343238831;;;;
269.jpg;Int;0.9999560117721558;Boeing;0.5346077;747;0.5479232
27.jpg;Ext;0.9585060477256775;Boeing;;737;0.8528728
270.jpg;Ext_Int;0.8785725235939026;;;;
271.jpg;Ext_Int;0.546116054058075;;;;
272.jpg;Int;1.0;Boeing;0.94394535;777;0.89274395
273.jpg;Ext;0.9622185826301575;Airbus;;A321;0.8687438
274.jpg;Int;0.9963066577911377;Boeing;0.9947977;777;0.8658023
275.jpg;Int;0.4584336578845978;Boeing;0.99930406;777;0.9825669
276.jpg;Int;0.9243948459625244;Boeing;0.92494994;777;0.9998498
277.jpg;Int;0.9734372496604919;Boeing;0.8859863;777;0.82263047
278.jpg;Ext;1.0;Airbus;;A320;0.86332804
279.jpg;Meal;0.9797192215919495;;;;
28.jpg;Meal;0.9797192215919495;;;;
280.jpg;Int;0.9931938052177429;Boeing;0.9851452;777;0.8919882
281.jpg;Int;0.9998992681503296;Airbus;0.98049223;A330;0.66359156
282.jpg;Int;0.7470863461494446;Boeing;0.997609;777;0.9155909
283.jpg;Int;0.9981849789619446;Airbus;0.95240706;A330;0.88341916
284.jpg;Int;0.9999617338180542;Airbus;0.9926951;A321;0.5605912
285.jpg;Ext;0.8996553421020508;Airbus;;A330;0.6386344
286.jpg;Int;0.9101147651672363;Boeing;0.88197416;737;0.8970502
287.jpg;Ext;0.9280142784118652;Airbus;;A330;0.7884576
288.jpg;Ext_Int;0.9994109869003296;;;;
289.jpg;Ext;0.5298445224761963;Boeing;;777;0.98707944
29.jpg;Int;0.8833740949630737;Boeing;0.97056276;737;0.65727717
290.jpg;Int;0.9996769428253174;Airbus;0.93660676;A330;0.8889245
291.jpg;Int;0.9999985694885254;Boeing;0.76609313;777;0.6031654
292.jpg;Int;0.9183173775672913;Boeing;0.96079236;777;0.98973
293.jpg;Int;0.9901934266090393;Boeing;0.87095106;777;0.9332902
294.jpg;Int;0.9993758797645569;Airbus;0.98032767;A330;0.5189317
295.jpg;Int;0.9968467354774475;Airbus;0.97254264;A321;0.9079998
296.jpg;Int;0.9193891882896423;Airbus;0.5900833;A330;0.92137814
297.jpg;Int;0.7816187143325806;Boeing;0.6169044;777;0.9888448
298.jpg;Int;0.9860069751739502;Boeing;0.85037273;777;0.96884537
299.jpg;Int;0.7548272609710693;Boeing;0.83754516;737;0.9003535
3.jpg;Ext_Int;0.8785725235939026;;;;
30.jpg;Int;0.9931938052177429;Boeing;0.9851452;777;0.8919882
300.jpg;Int;0.8486202955245972;Airbus;0.9569744;A330;0.4319588
301.jpg;Int;0.9030879735946655;Boeing;0.9791448;777;0.48665547
302.jpg;Ext;0.9999997615814209;Boeing;;777;0.99645585
303.jpg;Int;0.7359287738800049;Boeing;0.67654806;777;0.86981064
304.jpg;Meal;0.9365955591201782;;;;
305.jpg;Meal;0.8886303305625916;;;;
306.jpg;Int;0.9976344108581543;Boeing;0.98661786;777;0.99114275
307.jpg;Int;0.9975466132164001;Boeing;0.8995982;777;0.9978173
308.jpg;Int;0.9999862909317017;Boeing;0.9730452;777;0.59931
309.jpg;Meal;0.9454711675643921;;;;
31.jpg;Int;0.9998992681503296;Airbus;0.98049223;A330;0.66359156
310.jpg;Ext_Int;0.3988543748855591;;;;
311.jpg;Meal;0.925151526927948;;;;
312.jpg;Ext_Int;0.8250917792320251;;;;
313.jpg;Meal;0.9989833235740662;;;;
314.jpg;Int;0.9952451586723328;Airbus;0.94305915;A320;0.48141238
315.jpg;Int;0.990422248840332;Boeing;0.99078465;777;0.88438797
316.jpg;Int;0.9999560117721558;Boeing;0.5346077;747;0.5479232
317.jpg;Int;0.9933152794837952;Boeing;0.99430203;777;0.99170333
318.jpg;Ext;0.9622185826301575;Airbus;;A321;0.8687438
319.jpg;Int;0.9963066577911377;Boeing;0.9947977;777;0.8658023
32.jpg;Ext;0.5061293244361877;Airbus;;A321;0.45712698
320.jpg;Int;0.4584336578845978;Boeing;0.99930406;777;0.9825669
321.jpg;Int;0.9243948459625244;Boeing;0.92494994;777;0.9998498
322.jpg;Int;0.9734372496604919;Boeing;0.8859863;777;0.82263047
323.jpg;Ext;0.9836697578430176;Boeing;;777;0.8157978
324.jpg;Meal;0.9797192215919495;;;;
325.jpg;Int;0.9931938052177429;Boeing;0.9851452;777;0.8919882
326.jpg;Int;0.9998992681503296;Airbus;0.98049223;A330;0.66359156
327.jpg;Int;0.7470863461494446;Boeing;0.997609;777;0.9155909
328.jpg;Int;0.9981849789619446;Airbus;0.95240706;A330;0.88341916
329.jpg;Int;0.9999617338180542;Airbus;0.9926951;A321;0.5605912
33.jpg;Int;0.7470863461494446;Boeing;0.997609;777;0.9155909
330.jpg;Int;0.9183173775672913;Boeing;0.96079236;777;0.98973
331.jpg;Int;0.9993758797645569;Airbus;0.98032767;A330;0.5189317
332.jpg;Int;0.9901934266090393;Boeing;0.87095106;777;0.9332902
333.jpg;Int;0.9982631802558899;Boeing;0.99889874;777;0.9645431
334.jpg;Int;0.9892587065696716;Boeing;0.982183;777;0.95039153
335.jpg;Int;0.9992464780807495;Boeing;0.9953525;737;0.9802592
336.jpg;Int;0.9848650693893433;Boeing;0.9637843;737;0.9532897
337.jpg;Int;0.7562523484230042;Boeing;0.9657679;737;0.93965316
338.jpg;Int;0.9989497065544128;Airbus;0.62050104;A321;0.498077
339.jpg;Meal;0.48741772770881653;;;;
34.jpg;Ext;0.9797123670578003;Airbus;;A320;0.96868694
340.jpg;Int;0.6048091053962708;Airbus;0.99934334;A330;0.46453282
341.jpg;Int;0.9768930673599243;Airbus;0.8145086;A321;0.5951008
342.jpg;Int;0.9946597218513489;Boeing;0.97716033;777;0.992816
343.jpg;Int;0.9982141256332397;Airbus;0.5491174;A321;0.7362141
344.jpg;Meal;0.3506743609905243;;;;
345.jpg;Int;0.568405032157898;Boeing;0.83397734;777;0.92781794
346.jpg;Int;0.9844141006469727;Airbus;0.93495774;A330;0.74866813
347.jpg;Int;0.9583103656768799;Boeing;0.5927249;777;0.9711563
348.jpg;Int;0.9936336278915405;Boeing;0.925041;777;0.9764129
349.jpg;Int;0.9027786254882812;Boeing;0.87440175;777;0.84321594
35.jpg;Int;0.9997041821479797;Airbus;0.9289992;A330;0.91430706
350.jpg;Int;0.9999955892562866;Airbus;0.9900337;A321;0.97135216
351.jpg;Int;0.9950157999992371;Boeing;0.96443164;777;0.9832933
352.jpg;Int;0.8099060654640198;Boeing;0.92508096;777;0.8851977
353.jpg;Int;0.9966536164283752;Boeing;0.994066;777;0.58109826
354.jpg;Int;0.5952096581459045;Boeing;0.9960465;777;0.98537296
355.jpg;Int;0.6765064597129822;Boeing;0.9574281;777;0.76148087
356.jpg;Int;0.9994206428527832;Airbus;0.5266612;A330;0.8278925
357.jpg;Int;0.8768991231918335;Boeing;0.992247;777;0.9999579
358.jpg;Int;0.9773119688034058;Boeing;0.6396268;737;0.94038284
359.jpg;Int;0.9215186238288879;Boeing;0.9458505;777;0.9996202
36.jpg;Int;0.9981849789619446;Airbus;0.95240706;A330;0.88341916
360.jpg;Int;0.7044693827629089;Boeing;0.94934565;737;0.76848817
361.jpg;Int;0.9687836766242981;Airbus;0.63119906;A321;0.75800407
362.jpg;Int;0.8302287459373474;Boeing;0.9798972;777;0.82287496
363.jpg;Int;0.9957079887390137;Boeing;0.9479778;777;0.96226615
364.jpg;Int;0.9434657692909241;Boeing;0.97401285;777;0.99922395
365.jpg;Ext_Int;0.8501137495040894;;;;
366.jpg;Int;0.9999974966049194;Airbus;0.72482276;A330;0.33715615
367.jpg;Int;0.9882699251174927;Boeing;0.5238399;777;0.9620013
368.jpg;Int;0.8949779868125916;Boeing;0.9817045;777;0.9996389
369.jpg;Int;0.9773872494697571;Boeing;0.65285164;737;0.67011046
37.jpg;Int;0.9999617338180542;Airbus;0.9926951;A321;0.5605912
370.jpg;Int;0.610862672328949;Boeing;0.862781;777;0.99987257
371.jpg;Int;0.9998470544815063;Boeing;0.61890316;777;0.9999243
372.jpg;Int;0.9897899031639099;Airbus;0.954139;A321;0.86830896
373.jpg;Int;0.9956983327865601;Airbus;0.99360496;A321;0.66027385
374.jpg;Int;0.9931830763816833;Boeing;0.98519105;777;0.873259
375.jpg;Int;0.9946809411048889;Airbus;0.93633235;A330;0.9412732
376.jpg;Meal;0.9468870759010315;;;;
377.jpg;Int;0.9992597699165344;Boeing;0.994381;777;0.9999819
378.jpg;Int;0.9971278309822083;Boeing;0.9907452;777;0.99751616
379.jpg;Int;0.994692862033844;Boeing;0.90300775;777;0.99919754
38.jpg;Ext;0.8391718864440918;Airbus;;A320;0.7347409
380.jpg;Int;0.9999895095825195;Airbus;0.9733396;A321;0.9953485
381.jpg;Meal;0.9535530209541321;;;;
382.jpg;Int;0.9964780211448669;Airbus;0.9867402;A321;0.45515665
383.jpg;Int;0.6091722846031189;Boeing;0.9963567;777;0.8428965
384.jpg;Int;0.9941167831420898;Boeing;0.9946307;777;0.99583423
385.jpg;Int;0.8221372365951538;Boeing;0.99995255;777;0.9945322
386.jpg;Int;0.9900364875793457;Boeing;0.97727567;777;0.92722875
387.jpg;Int;0.4061512053012848;Boeing;0.9872199;737;0.49241415
388.jpg;Int;0.9994408488273621;Airbus;0.764744;A330;0.34841064
389.jpg;Int;0.962416410446167;Boeing;0.96670514;777;0.7184938
39.jpg;Ext;1.0;Boeing;;777;0.9986939
390.jpg;Int;0.9284164905548096;Boeing;0.99748296;777;0.99995196
391.jpg;Int;0.998854398727417;Airbus;0.85346514;A350;0.9595757
392.jpg;Int;0.9379038214683533;Boeing;0.8571731;777;0.9984151
393.jpg;Int;0.988310694694519;Airbus;0.5805517;A330;0.72819173
394.jpg;Int;0.8747329711914062;Boeing;0.5961429;737;0.9094225
395.jpg;Int;0.981562614440918;Airbus;0.9092414;A321;0.52998704
396.jpg;Int;0.9483470916748047;Airbus;0.99931896;A321;0.8784703
397.jpg;Int;0.9427042007446289;Airbus;0.9938899;A330;0.4922422
398.jpg;Int;0.999524712562561;Airbus;0.9612436;A350;0.5918983
399.jpg;Int;0.7995983362197876;Boeing;0.92362267;777;0.99768233
4.jpg;Int;0.9998195767402649;Airbus;0.9222667;A330;0.9885129
40.jpg;Meal;0.9925560355186462;;;;
400.jpg;Int;0.9996767044067383;Boeing;0.9920249;777;0.9990004
401.jpg;Meal;0.7404661774635315;;;;
402.jpg;Int;0.41883739829063416;Airbus;0.92819893;A330;0.4724009
403.jpg;Meal;0.5274462103843689;;;;
404.jpg;Int;0.9747239947319031;Boeing;0.99267405;737;0.98402065
405.jpg;Meal;0.9535530209541321;;;;
406.jpg;Ext;0.9121052026748657;Boeing;;737;0.97733057
407.jpg;Int;1.0;Airbus;0.6123673;A330;0.99597013
408.jpg;Int;0.9993758797645569;Airbus;0.98032767;A330;0.5189317
409.jpg;Int;0.9972904920578003;Airbus;0.9933409;A330;0.39991397
41.jpg;Int;0.8553527593612671;Airbus;0.9537798;A330;0.9751256
410.jpg;Int;0.8679128885269165;Boeing;0.6063123;777;0.9063777
411.jpg;Int;0.9183173775672913;Boeing;0.96079236;777;0.98973
412.jpg;Int;1.0;Boeing;0.94394535;777;0.89274395
413.jpg;Int;0.9977505803108215;Boeing;0.99931765;777;0.76325345
414.jpg;Int;0.9906630516052246;Boeing;0.67544335;737;0.9061089
415.jpg;Int;0.8422150611877441;Airbus;0.67643243;A330;0.6166888
416.jpg;Ext_Int;0.7686785459518433;;;;
417.jpg;Int;0.8030531406402588;Airbus;0.99969304;A321;0.7628539
418.jpg;Int;0.9535709023475647;Boeing;0.9453376;777;0.99940467
419.jpg;Meal;0.7826462388038635;;;;
42.jpg;Int;0.9788834452629089;Airbus;0.9728643;A330;0.64118385
420.jpg;Int;0.9248545169830322;Airbus;0.99999785;A320;0.7595958
421.jpg;Int;0.7628464102745056;Boeing;0.99531746;737;0.7113582
422.jpg;Int;0.9982631802558899;Boeing;0.99889874;777;0.9645431
423.jpg;Int;0.9892587065696716;Boeing;0.982183;777;0.95039153
424.jpg;Int;0.9992464780807495;Boeing;0.9953525;737;0.9802592
425.jpg;Int;0.9848650693893433;Boeing;0.9637843;737;0.9532897
426.jpg;Int;0.7562523484230042;Boeing;0.9657679;737;0.93965316
427.jpg;Int;0.9989497065544128;Airbus;0.62050104;A321;0.498077
428.jpg;Meal;0.48741772770881653;;;;
429.jpg;Int;0.6048091053962708;Airbus;0.99934334;A330;0.46453282
43.jpg;Int;0.9998371601104736;Airbus;0.9927206;A320;0.5393209
430.jpg;Int;0.9768930673599243;Airbus;0.8145086;A321;0.5951008
431.jpg;Int;0.9946597218513489;Boeing;0.97716033;777;0.992816
432.jpg;Int;0.9982141256332397;Airbus;0.5491174;A321;0.7362141
433.jpg;Meal;0.3506743609905243;;;;
434.jpg;Int;0.568405032157898;Boeing;0.83397734;777;0.92781794
435.jpg;Int;0.9844141006469727;Airbus;0.93495774;A330;0.74866813
436.jpg;Int;0.9583103656768799;Boeing;0.5927249;777;0.9711563
437.jpg;Int;0.9936336278915405;Boeing;0.925041;777;0.9764129
438.jpg;Int;0.9027786254882812;Boeing;0.87440175;777;0.84321594
439.jpg;Int;0.9999955892562866;Airbus;0.9900337;A321;0.97135216
44.jpg;Ext;0.8996553421020508;Airbus;;A330;0.6386344
440.jpg;Int;0.9950157999992371;Boeing;0.96443164;777;0.9832933
441.jpg;Int;0.8099060654640198;Boeing;0.92508096;777;0.8851977
442.jpg;Int;0.9966536164283752;Boeing;0.994066;777;0.58109826
443.jpg;Int;0.5952096581459045;Boeing;0.9960465;777;0.98537296
444.jpg;Int;0.6765064597129822;Boeing;0.9574281;777;0.76148087
445.jpg;Int;0.9994206428527832;Airbus;0.5266612;A330;0.8278925
446.jpg;Int;0.8768991231918335;Boeing;0.992247;777;0.9999579
447.jpg;Int;0.9773119688034058;Boeing;0.6396268;737;0.94038284
448.jpg;Int;0.9215186238288879;Boeing;0.9458505;777;0.9996202
449.jpg;Int;0.7044693827629089;Boeing;0.94934565;737;0.76848817
45.jpg;Int;0.9101147651672363;Boeing;0.88197416;737;0.8970502
450.jpg;Int;0.9687836766242981;Airbus;0.63119906;A321;0.75800407
451.jpg;Int;0.8302287459373474;Boeing;0.9798972;777;0.82287496
452.jpg;Int;0.9957079887390137;Boeing;0.9479778;777;0.96226615
453.jpg;Int;0.9434657692909241;Boeing;0.97401285;777;0.99922395
454.jpg;Ext_Int;0.8501137495040894;;;;
455.jpg;Int;0.9999974966049194;Airbus;0.72482276;A330;0.33715615
456.jpg;Int;0.9882699251174927;Boeing;0.5238399;777;0.9620013
457.jpg;Int;0.8949779868125916;Boeing;0.9817045;777;0.9996389
458.jpg;Int;0.9773872494697571;Boeing;0.65285164;737;0.67011046
459.jpg;Int;0.610862672328949;Boeing;0.862781;777;0.99987257
46.jpg;Ext;0.9280142784118652;Airbus;;A330;0.7884576
460.jpg;Int;0.9998470544815063;Boeing;0.61890316;777;0.9999243
461.jpg;Int;0.9897899031639099;Airbus;0.954139;A321;0.86830896
462.jpg;Int;0.9956983327865601;Airbus;0.99360496;A321;0.66027385
463.jpg;Int;0.9931830763816833;Boeing;0.98519105;777;0.873259
464.jpg;Int;0.9946809411048889;Airbus;0.93633235;A330;0.9412732
465.jpg;Meal;0.9468870759010315;;;;
466.jpg;Int;0.9992597699165344;Boeing;0.994381;777;0.9999819
467.jpg;Int;0.9971278309822083;Boeing;0.9907452;777;0.99751616
468.jpg;Int;0.994692862033844;Boeing;0.90300775;777;0.99919754
469.jpg;Int;0.9999895095825195;Airbus;0.9733396;A321;0.9953485
47.jpg;Ext_Int;0.9994109869003296;;;;
470.jpg;Meal;0.9535530209541321;;;;
471.jpg;Int;0.9964780211448669;Airbus;0.9867402;A321;0.45515665
472.jpg;Int;0.6091722846031189;Boeing;0.9963567;777;0.8428965
473.jpg;Int;0.9941167831420898;Boeing;0.9946307;777;0.99583423
474.jpg;Int;0.8221372365951538;Boeing;0.99995255;777;0.9945322
475.jpg;Int;0.9900364875793457;Boeing;0.97727567;777;0.92722875
476.jpg;Int;0.4061512053012848;Boeing;0.9872199;737;0.49241415
477.jpg;Int;0.9994408488273621;Airbus;0.764744;A330;0.34841064
478.jpg;Int;0.962416410446167;Boeing;0.96670514;777;0.7184938
479.jpg;Int;0.9284164905548096;Boeing;0.99748296;777;0.99995196
48.jpg;Ext;0.5298445224761963;Boeing;;777;0.98707944
480.jpg;Int;0.998854398727417;Airbus;0.85346514;A350;0.9595757
481.jpg;Int;0.9379038214683533;Boeing;0.8571731;777;0.9984151
482.jpg;Int;0.988310694694519;Airbus;0.5805517;A330;0.72819173
483.jpg;Int;0.8747329711914062;Boeing;0.5961429;737;0.9094225
484.jpg;Int;0.981562614440918;Airbus;0.9092414;A321;0.52998704
485.jpg;Int;0.9483470916748047;Airbus;0.99931896;A321;0.8784703
486.jpg;Meal;0.9535530209541321;;;;
487.jpg;Ext;0.9121052026748657;Boeing;;737;0.97733057
488.jpg;Int;0.9968467354774475;Airbus;0.97254264;A321;0.9079998
489.jpg;Int;1.0;Airbus;0.6123673;A330;0.99597013
49.jpg;Ext;0.9999711513519287;Airbus;;A330;0.4481352
490.jpg;Int;0.9972904920578003;Airbus;0.9933409;A330;0.39991397
491.jpg;Int;0.9993758797645569;Airbus;0.98032767;A330;0.5189317
492.jpg;Int;0.9183173775672913;Boeing;0.96079236;777;0.98973
493.jpg;Int;1.0;Boeing;0.94394535;777;0.89274395
494.jpg;Int;0.9977505803108215;Boeing;0.99931765;777;0.76325345
495.jpg;Int;0.9210768342018127;Boeing;0.9800658;737;0.70835304
496.jpg;Meal;0.9975535273551941;;;;
497.jpg;Int;0.9943071007728577;Boeing;0.71274173;737;0.97153676
498.jpg;Int;0.8772590160369873;Airbus;0.87147105;A330;0.53423756
499.jpg;Int;0.9992212057113647;Airbus;0.5969616;A350;0.898126
5.jpg;Ext_Int;0.546116054058075;;;;
50.jpg;Int;0.9996769428253174;Airbus;0.93660676;A330;0.8889245
500.jpg;Int;0.7380101084709167;Boeing;0.99304104;777;0.7108261
501.jpg;Meal;0.7555345296859741;;;;
502.jpg;Int;0.7348056435585022;Boeing;0.861746;777;0.9978842
503.jpg;Ext_Int;0.7901507616043091;;;;
504.jpg;Int;0.9906630516052246;Boeing;0.67544335;737;0.9061089
505.jpg;Int;0.8422150611877441;Airbus;0.67643243;A330;0.6166888
506.jpg;Ext_Int;0.7686785459518433;;;;
507.jpg;Int;0.8030531406402588;Airbus;0.99969304;A321;0.7628539
508.jpg;Int;0.9535709023475647;Boeing;0.9453376;777;0.99940467
509.jpg;Meal;0.7826462388038635;;;;
51.jpg;Ext;0.9648550748825073;Airbus;;A330;0.57211256
510.jpg;Int;0.9248545169830322;Airbus;0.99999785;A320;0.7595958
511.jpg;Int;0.7628464102745056;Boeing;0.99531746;737;0.7113582
512.jpg;Int;0.9982631802558899;Boeing;0.99889874;777;0.9645431
513.jpg;Int;0.9892587065696716;Boeing;0.982183;777;0.95039153
514.jpg;Meal;0.48741772770881653;;;;
515.jpg;Int;0.6048091053962708;Airbus;0.99934334;A330;0.46453282
516.jpg;Int;0.9768930673599243;Airbus;0.8145086;A321;0.5951008
517.jpg;Int;0.9946597218513489;Boeing;0.97716033;777;0.992816
518.jpg;Int;0.9982141256332397;Airbus;0.5491174;A321;0.7362141
519.jpg;Meal;0.3506743609905243;;;;
52.jpg;Int;0.9999756813049316;Airbus;0.79325324;A321;0.37762195
520.jpg;Int;0.568405032157898;Boeing;0.83397734;777;0.92781794
521.jpg;Int;0.9844141006469727;Airbus;0.93495774;A330;0.74866813
522.jpg;Int;0.9583103656768799;Boeing;0.5927249;777;0.9711563
523.jpg;Int;0.9936336278915405;Boeing;0.925041;777;0.9764129
524.jpg;Int;0.9999955892562866;Airbus;0.9900337;A321;0.97135216
525.jpg;Int;0.9950157999992371;Boeing;0.96443164;777;0.9832933
526.jpg;Int;0.8099060654640198;Boeing;0.92508096;777;0.8851977
527.jpg;Int;0.9966536164283752;Boeing;0.994066;777;0.58109826
528.jpg;Int;0.5952096581459045;Boeing;0.9960465;777;0.98537296
529.jpg;Int;0.6765064597129822;Boeing;0.9574281;777;0.76148087
53.jpg;Int;0.9961571097373962;Airbus;0.9770542;A320;0.96775347
530.jpg;Int;0.9994206428527832;Airbus;0.5266612;A330;0.8278925
531.jpg;Int;0.8768991231918335;Boeing;0.992247;777;0.9999579
532.jpg;Int;0.9957079887390137;Boeing;0.9479778;777;0.96226615
533.jpg;Int;0.9434657692909241;Boeing;0.97401285;777;0.99922395
534.jpg;Ext_Int;0.8501137495040894;;;;
535.jpg;Int;0.9882699251174927;Boeing;0.5238399;777;0.9620013
536.jpg;Int;0.8949779868125916;Boeing;0.9817045;777;0.9996389
537.jpg;Int;0.9773872494697571;Boeing;0.65285164;737;0.67011046
538.jpg;Int;0.610862672328949;Boeing;0.862781;777;0.99987257
539.jpg;Int;0.9998470544815063;Boeing;0.61890316;777;0.9999243
54.jpg;Ext;0.9615330696105957;Boeing;;777;0.9823284
540.jpg;Int;0.9897899031639099;Airbus;0.954139;A321;0.86830896
541.jpg;Int;0.9956983327865601;Airbus;0.99360496;A321;0.66027385
542.jpg;Int;0.9931830763816833;Boeing;0.98519105;777;0.873259
543.jpg;Meal;0.9468870759010315;;;;
544.jpg;Int;0.9992597699165344;Boeing;0.994381;777;0.9999819
545.jpg;Int;0.9971278309822083;Boeing;0.9907452;777;0.99751616
546.jpg;Int;0.994692862033844;Boeing;0.90300775;777;0.99919754
547.jpg;Int;0.9999895095825195;Airbus;0.9733396;A321;0.9953485
548.jpg;Int;0.8221372365951538;Boeing;0.99995255;777;0.9945322
549.jpg;Int;0.9900364875793457;Boeing;0.97727567;777;0.92722875
55.jpg;Int;0.9706982374191284;Boeing;0.6998442;777;0.94560236
550.jpg;Int;0.9968467354774475;Airbus;0.97254264;A321;0.9079998
551.jpg;Int;0.9993758797645569;Airbus;0.98032767;A330;0.5189317
552.jpg;Int;0.9183173775672913;Boeing;0.96079236;777;0.98973
553.jpg;Int;1.0;Boeing;0.94394535;777;0.89274395
554.jpg;Int;0.9995119571685791;Airbus;0.86703044;A321;0.5845392
555.jpg;Int;0.7660362124443054;Airbus;0.9999591;A321;0.7088635
556.jpg;Int;0.9032236337661743;Boeing;0.66660184;777;0.9987859
557.jpg;Int;0.9210768342018127;Boeing;0.9800658;737;0.70835304
558.jpg;Meal;0.9975535273551941;;;;
559.jpg;Int;0.8772590160369873;Airbus;0.87147105;A330;0.53423756
56.jpg;Ext;1.0;Airbus;;A320;0.58535427
560.jpg;Int;0.9992212057113647;Airbus;0.5969616;A350;0.898126
561.jpg;Int;0.7380101084709167;Boeing;0.99304104;777;0.7108261
562.jpg;Meal;0.7555345296859741;;;;
563.jpg;Int;0.7348056435585022;Boeing;0.861746;777;0.9978842
564.jpg;Ext_Int;0.7901507616043091;;;;
565.jpg;Int;0.9906630516052246;Boeing;0.67544335;737;0.9061089
566.jpg;Int;0.8422150611877441;Airbus;0.67643243;A330;0.6166888
567.jpg;Ext_Int;0.7686785459518433;;;;
568.jpg;Int;0.8030531406402588;Airbus;0.99969304;A321;0.7628539
569.jpg;Int;0.9535709023475647;Boeing;0.9453376;777;0.99940467
57.jpg;Int;0.9977505803108215;Boeing;0.99931765;777;0.76325345
570.jpg;Meal;0.7826462388038635;;;;
571.jpg;Int;0.9248545169830322;Airbus;0.99999785;A320;0.7595958
572.jpg;Int;0.7628464102745056;Boeing;0.99531746;737;0.7113582
573.jpg;Int;0.9982631802558899;Boeing;0.99889874;777;0.9645431
574.jpg;Int;0.9892587065696716;Boeing;0.982183;777;0.95039153
575.jpg;Meal;0.48741772770881653;;;;
576.jpg;Int;0.6048091053962708;Airbus;0.99934334;A330;0.46453282
577.jpg;Int;0.9768930673599243;Airbus;0.8145086;A321;0.5951008
578.jpg;Int;0.9946597218513489;Boeing;0.97716033;777;0.992816
579.jpg;Int;0.9982141256332397;Airbus;0.5491174;A321;0.7362141
58.jpg;Int;0.9997857213020325;Boeing;0.960868;777;0.9998271
580.jpg;Int;0.568405032157898;Boeing;0.83397734;777;0.92781794
581.jpg;Int;0.9844141006469727;Airbus;0.93495774;A330;0.74866813
582.jpg;Int;0.9583103656768799;Boeing;0.5927249;777;0.9711563
583.jpg;Int;0.9936336278915405;Boeing;0.925041;777;0.9764129
584.jpg;Int;0.9950157999992371;Boeing;0.96443164;777;0.9832933
585.jpg;Int;0.8099060654640198;Boeing;0.92508096;777;0.8851977
586.jpg;Int;0.9966536164283752;Boeing;0.994066;777;0.58109826
587.jpg;Int;0.5952096581459045;Boeing;0.9960465;777;0.98537296
588.jpg;Int;0.6765064597129822;Boeing;0.9574281;777;0.76148087
589.jpg;Int;0.9994206428527832;Airbus;0.5266612;A330;0.8278925
59.jpg;Int;0.9997242093086243;Airbus;0.9302382;A350;0.6034914
590.jpg;Int;0.8768991231918335;Boeing;0.992247;777;0.9999579
591.jpg;Int;0.8302287459373474;Boeing;0.9798972;777;0.82287496
592.jpg;Int;0.9957079887390137;Boeing;0.9479778;777;0.96226615
593.jpg;Int;0.9434657692909241;Boeing;0.97401285;777;0.99922395
594.jpg;Ext_Int;0.8501137495040894;;;;
595.jpg;Int;0.9882699251174927;Boeing;0.5238399;777;0.9620013
596.jpg;Int;0.8949779868125916;Boeing;0.9817045;777;0.9996389
597.jpg;Int;0.9773872494697571;Boeing;0.65285164;737;0.67011046
598.jpg;Int;0.9998470544815063;Boeing;0.61890316;777;0.9999243
599.jpg;Int;0.9897899031639099;Airbus;0.954139;A321;0.86830896
6.jpg;Int;0.9933152794837952;Boeing;0.99430203;777;0.99170333
60.jpg;Ext;0.9979915618896484;Airbus;;A330;0.9669921
600.jpg;Int;0.9956983327865601;Airbus;0.99360496;A321;0.66027385
601.jpg;Int;0.9931830763816833;Boeing;0.98519105;777;0.873259
602.jpg;Meal;0.9468870759010315;;;;
603.jpg;Int;0.9992597699165344;Boeing;0.994381;777;0.9999819
604.jpg;Int;0.9971278309822083;Boeing;0.9907452;777;0.99751616
605.jpg;Int;0.994692862033844;Boeing;0.90300775;777;0.99919754
606.jpg;Int;0.9999895095825195;Airbus;0.9733396;A321;0.9953485
607.jpg;Int;0.9993758797645569;Airbus;0.98032767;A330;0.5189317
608.jpg;Int;0.9183173775672913;Boeing;0.96079236;777;0.98973
609.jpg;Int;0.9739771485328674;Boeing;0.5736019;777;0.73397624
61.jpg;Int;0.9851421117782593;Boeing;0.7750569;777;0.9659633
610.jpg;Int;0.9397894740104675;Boeing;0.9437961;777;0.96969414
611.jpg;Meal;0.614259660243988;;;;
612.jpg;Int;0.9943773150444031;Boeing;0.9764998;777;0.80501306
613.jpg;Int;0.9555343985557556;Boeing;0.9508083;757;0.44166532
614.jpg;Int;0.9998254179954529;Airbus;0.9572207;A321;0.49076197
615.jpg;Int;0.9804731607437134;Airbus;0.9950287;A330;0.7358064
616.jpg;Int;0.6756577491760254;Airbus;0.9901916;A330;0.9497028
617.jpg;Int;0.9198727011680603;Boeing;0.7514599;777;0.32373005
618.jpg;Meal;0.5912419557571411;;;;
619.jpg;Int;0.9996360540390015;Boeing;0.9924561;777;0.9995352
62.jpg;Int;0.9999971389770508;Airbus;0.99988425;A350;0.5291661
620.jpg;Int;0.9999551773071289;Boeing;0.9708874;777;0.97840697
621.jpg;Int;0.8170143961906433;Airbus;0.8085379;A321;0.49723753
622.jpg;Int;0.9911399483680725;Boeing;0.9359764;777;0.9998628
623.jpg;Int;0.9903671741485596;Boeing;0.93619627;737;0.48723307
624.jpg;Int;0.9999861717224121;Airbus;0.99949384;A330;0.8228845
625.jpg;Int;0.9949454665184021;Boeing;0.9908227;737;0.9904819
626.jpg;Int;0.5588903427124023;Boeing;0.9875826;777;0.7024829
627.jpg;Ext;0.5593155026435852;Boeing;;777;0.9871285
628.jpg;Int;0.979296088218689;Airbus;0.5983455;A330;0.97270364
629.jpg;Int;0.9987558126449585;Boeing;0.9461467;777;0.9994981
63.jpg;Int;0.9636814594268799;Boeing;0.8652074;777;0.7377367
630.jpg;Int;0.9999109506607056;Boeing;0.99586844;777;0.9959157
631.jpg;Int;0.997150719165802;Boeing;0.98804116;737;0.76433116
632.jpg;Int;0.7917115092277527;Boeing;0.9981013;777;0.6502707
633.jpg;Int;0.997353196144104;Boeing;0.98678696;777;0.99994123
634.jpg;Int;0.9907558560371399;Airbus;0.71603805;A321;0.8268518
635.jpg;Int;0.9740639925003052;Boeing;0.8600929;777;0.9389933
636.jpg;Int;0.980554461479187;Boeing;0.83809227;777;0.953217
637.jpg;Int;0.9967560172080994;Boeing;0.94298196;777;0.9996909
638.jpg;Int;0.9991018772125244;Boeing;0.93383396;777;0.9983683
639.jpg;Int;0.9979760050773621;Boeing;0.92771614;777;0.8937342
64.jpg;Int;0.998816728591919;Airbus;0.7603471;A330;0.9366332
640.jpg;Int;0.9994662404060364;Boeing;0.957612;777;0.99440825
641.jpg;Int;0.9988313317298889;Boeing;0.98754555;777;0.9979855
642.jpg;Int;0.9881935715675354;Boeing;0.9657826;777;0.99875927
643.jpg;Int;0.9701981544494629;Airbus;0.71426535;A321;0.8084991
644.jpg;Int;0.9237444996833801;Airbus;0.7575394;A330;0.52924615
645.jpg;Int;0.9851223230361938;Boeing;0.9949185;737;0.7878276
646.jpg;Ext;0.36136308312416077;Boeing;;737;0.7156198
647.jpg;Int;0.9999843835830688;Airbus;0.5119169;A350;0.6650985
648.jpg;Int;0.9019488096237183;Boeing;0.56418043;777;0.9970891
649.jpg;Int;0.9996964931488037;Airbus;0.8892119;A321;0.6004792
65.jpg;Int;0.9636814594268799;Boeing;0.8652074;777;0.7377367
650.jpg;Int;0.8727108836174011;Boeing;0.9988875;777;0.9384147
651.jpg;Int;0.9847809076309204;Airbus;0.99158365;A321;0.8538943
652.jpg;Int;0.9995119571685791;Airbus;0.86703044;A321;0.5845392
653.jpg;Int;0.7660362124443054;Airbus;0.9999591;A321;0.7088635
654.jpg;Int;0.9032236337661743;Boeing;0.66660184;777;0.9987859
655.jpg;Int;0.9210768342018127;Boeing;0.9800658;737;0.70835304
656.jpg;Meal;0.9975535273551941;;;;
657.jpg;Int;0.9943071007728577;Boeing;0.71274173;737;0.97153676
658.jpg;Int;0.8772590160369873;Airbus;0.87147105;A330;0.53423756
659.jpg;Int;0.9992212057113647;Airbus;0.5969616;A350;0.898126
66.jpg;Int;0.9721807241439819;Boeing;0.95299476;777;0.9828493
660.jpg;Int;0.7380101084709167;Boeing;0.99304104;777;0.7108261
661.jpg;Meal;0.7555345296859741;;;;
662.jpg;Int;0.7348056435585022;Boeing;0.861746;777;0.9978842
663.jpg;Ext_Int;0.7901507616043091;;;;
664.jpg;Int;0.9906630516052246;Boeing;0.67544335;737;0.9061089
665.jpg;Int;0.8422150611877441;Airbus;0.67643243;A330;0.6166888
666.jpg;Ext_Int;0.7686785459518433;;;;
667.jpg;Int;0.8030531406402588;Airbus;0.99969304;A321;0.7628539
668.jpg;Int;0.9535709023475647;Boeing;0.9453376;777;0.99940467
669.jpg;Meal;0.7826462388038635;;;;
67.jpg;Int;0.8949579000473022;Airbus;0.989944;A350;0.99905246
670.jpg;Int;0.9248545169830322;Airbus;0.99999785;A320;0.7595958
671.jpg;Int;0.7628464102745056;Boeing;0.99531746;737;0.7113582
672.jpg;Int;0.9982631802558899;Boeing;0.99889874;777;0.9645431
673.jpg;Int;0.9892587065696716;Boeing;0.982183;777;0.95039153
674.jpg;Meal;0.48741772770881653;;;;
675.jpg;Int;0.6048091053962708;Airbus;0.99934334;A330;0.46453282
676.jpg;Int;0.9768930673599243;Airbus;0.8145086;A321;0.5951008
677.jpg;Int;0.9701981544494629;Airbus;0.71426535;A321;0.8084991
678.jpg;Meal;0.7826462388038635;;;;
679.jpg;Int;0.9993758797645569;Airbus;0.98032767;A330;0.5189317
68.jpg;Int;1.0;Boeing;0.99564785;777;0.8662605
680.jpg;Int;0.9183173775672913;Boeing;0.96079236;777;0.98973
681.jpg;Int;0.8679128885269165;Boeing;0.6063123;777;0.9063777
682.jpg;Int;0.9994363188743591;Airbus;0.983021;A321;0.648933
683.jpg;Int;0.9860817193984985;Airbus;0.994785;A330;0.7472464
684.jpg;Int;0.9410514831542969;Boeing;0.9978073;737;0.44764033
685.jpg;Int;0.9739771485328674;Boeing;0.5736019;777;0.73397624
686.jpg;Int;0.9397894740104675;Boeing;0.9437961;777;0.96969414
687.jpg;Meal;0.614259660243988;;;;
688.jpg;Int;0.9943773150444031;Boeing;0.9764998;777;0.80501306
689.jpg;Int;0.9555343985557556;Boeing;0.9508083;757;0.44166532
69.jpg;Int;0.9998999834060669;Boeing;0.71258307;777;0.8894441
690.jpg;Int;0.9998254179954529;Airbus;0.9572207;A321;0.49076197
691.jpg;Int;0.9804731607437134;Airbus;0.9950287;A330;0.7358064
692.jpg;Int;0.6756577491760254;Airbus;0.9901916;A330;0.9497028
693.jpg;Int;0.9198727011680603;Boeing;0.7514599;777;0.32373005
694.jpg;Meal;0.5912419557571411;;;;
695.jpg;Int;0.9996360540390015;Boeing;0.9924561;777;0.9995352
696.jpg;Int;0.9999551773071289;Boeing;0.9708874;777;0.97840697
697.jpg;Int;0.8170143961906433;Airbus;0.8085379;A321;0.49723753
698.jpg;Int;0.9911399483680725;Boeing;0.9359764;777;0.9998628
699.jpg;Int;0.9903671741485596;Boeing;0.93619627;737;0.48723307
7.jpg;Int;0.7901837229728699;Boeing;0.88616407;737;0.50813365
70.jpg;Int;0.9999984502792358;Boeing;0.9658115;777;0.9996698
700.jpg;Int;0.9999861717224121;Airbus;0.99949384;A330;0.8228845
701.jpg;Int;0.9949454665184021;Boeing;0.9908227;737;0.9904819
702.jpg;Int;0.5588903427124023;Boeing;0.9875826;777;0.7024829
703.jpg;Ext;0.5593155026435852;Boeing;;777;0.9871285
704.jpg;Int;0.979296088218689;Airbus;0.5983455;A330;0.97270364
705.jpg;Int;0.9987558126449585;Boeing;0.9461467;777;0.9994981
706.jpg;Int;0.9999109506607056;Boeing;0.99586844;777;0.9959157
707.jpg;Int;0.997150719165802;Boeing;0.98804116;737;0.76433116
708.jpg;Int;0.7917115092277527;Boeing;0.9981013;777;0.6502707
709.jpg;Int;0.997353196144104;Boeing;0.98678696;777;0.99994123
71.jpg;Int;1.0;Boeing;0.94394535;777;0.89274395
710.jpg;Int;0.9907558560371399;Airbus;0.71603805;A321;0.8268518
711.jpg;Int;0.9740639925003052;Boeing;0.8600929;777;0.9389933
712.jpg;Int;0.980554461479187;Boeing;0.83809227;777;0.953217
713.jpg;Int;0.9967560172080994;Boeing;0.94298196;777;0.9996909
714.jpg;Int;0.9991018772125244;Boeing;0.93383396;777;0.9983683
715.jpg;Int;0.9979760050773621;Boeing;0.92771614;777;0.8937342
716.jpg;Int;0.9994662404060364;Boeing;0.957612;777;0.99440825
717.jpg;Int;0.9988313317298889;Boeing;0.98754555;777;0.9979855
718.jpg;Int;0.9881935715675354;Boeing;0.9657826;777;0.99875927
719.jpg;Int;0.9701981544494629;Airbus;0.71426535;A321;0.8084991
72.jpg;Ext;0.9121052026748657;Boeing;;737;0.97733057
720.jpg;Int;0.9237444996833801;Airbus;0.7575394;A330;0.52924615
721.jpg;Int;0.9851223230361938;Boeing;0.9949185;737;0.7878276
722.jpg;Ext;0.36136308312416077;Boeing;;737;0.7156198
723.jpg;Int;0.9999843835830688;Airbus;0.5119169;A350;0.6650985
724.jpg;Int;0.9019488096237183;Boeing;0.56418043;777;0.9970891
725.jpg;Int;0.9996964931488037;Airbus;0.8892119;A321;0.6004792
726.jpg;Int;0.8727108836174011;Boeing;0.9988875;777;0.9384147
727.jpg;Int;0.9847809076309204;Airbus;0.99158365;A321;0.8538943
728.jpg;Int;0.9995119571685791;Airbus;0.86703044;A321;0.5845392
729.jpg;Int;0.7660362124443054;Airbus;0.9999591;A321;0.7088635
73.jpg;Int;1.0;Airbus;0.6123673;A330;0.99597013
730.jpg;Int;0.9032236337661743;Boeing;0.66660184;777;0.9987859
731.jpg;Int;0.9210768342018127;Boeing;0.9800658;737;0.70835304
732.jpg;Meal;0.9975535273551941;;;;
733.jpg;Int;0.8772590160369873;Airbus;0.87147105;A330;0.53423756
734.jpg;Int;0.9992212057113647;Airbus;0.5969616;A350;0.898126
735.jpg;Int;0.7380101084709167;Boeing;0.99304104;777;0.7108261
736.jpg;Meal;0.7555345296859741;;;;
737.jpg;Int;0.7348056435585022;Boeing;0.861746;777;0.9978842
738.jpg;Ext_Int;0.7901507616043091;;;;
739.jpg;Int;0.9906630516052246;Boeing;0.67544335;737;0.9061089
74.jpg;Int;0.9999758005142212;Boeing;0.99999404;777;0.9999993
740.jpg;Int;0.8422150611877441;Airbus;0.67643243;A330;0.6166888
741.jpg;Ext_Int;0.7686785459518433;;;;
742.jpg;Int;0.8030531406402588;Airbus;0.99969304;A321;0.7628539
743.jpg;Int;0.9535709023475647;Boeing;0.9453376;777;0.99940467
744.jpg;Meal;0.7826462388038635;;;;
745.jpg;Int;0.9248545169830322;Airbus;0.99999785;A320;0.7595958
746.jpg;Int;0.7628464102745056;Boeing;0.99531746;737;0.7113582
747.jpg;Int;0.9982631802558899;Boeing;0.99889874;777;0.9645431
748.jpg;Int;0.9892587065696716;Boeing;0.982183;777;0.95039153
749.jpg;Meal;0.48741772770881653;;;;
75.jpg;Int;0.9972904920578003;Airbus;0.9933409;A330;0.39991397
750.jpg;Int;0.9701981544494629;Airbus;0.71426535;A321;0.8084991
751.jpg;Meal;0.7826462388038635;;;;
752.jpg;Int;0.9993758797645569;Airbus;0.98032767;A330;0.5189317
753.jpg;Int;0.9183173775672913;Boeing;0.96079236;777;0.98973
754.jpg;Int;0.9994363188743591;Airbus;0.983021;A321;0.648933
755.jpg;Int;0.9410514831542969;Boeing;0.9978073;737;0.44764033
756.jpg;Int;0.9739771485328674;Boeing;0.5736019;777;0.73397624
757.jpg;Int;0.9943773150444031;Boeing;0.9764998;777;0.80501306
758.jpg;Int;0.9555343985557556;Boeing;0.9508083;757;0.44166532
759.jpg;Int;0.9198727011680603;Boeing;0.7514599;777;0.32373005
76.jpg;Ext;0.9585060477256775;Boeing;;737;0.8528728
760.jpg;Int;0.9999551773071289;Boeing;0.9708874;777;0.97840697
761.jpg;Int;0.997353196144104;Boeing;0.98678696;777;0.99994123
762.jpg;Int;0.9979760050773621;Boeing;0.92771614;777;0.8937342
763.jpg;Int;0.9237444996833801;Airbus;0.7575394;A330;0.52924615
764.jpg;Ext;0.36136308312416077;Boeing;;737;0.7156198
765.jpg;Int;0.9019488096237183;Boeing;0.56418043;777;0.9970891
766.jpg;Int;0.9847809076309204;Airbus;0.99158365;A321;0.8538943
767.jpg;Int;0.9210768342018127;Boeing;0.9800658;737;0.70835304
768.jpg;Meal;0.7555345296859741;;;;
769.jpg;Int;0.7348056435585022;Boeing;0.861746;777;0.9978842
77.jpg;Int;0.8679128885269165;Boeing;0.6063123;777;0.9063777
770.jpg;Int;0.8422150611877441;Airbus;0.67643243;A330;0.6166888
771.jpg;Ext_Int;0.7686785459518433;;;;
772.jpg;Int;0.8030531406402588;Airbus;0.99969304;A321;0.7628539
773.jpg;Meal;0.7826462388038635;;;;
774.jpg;Meal;0.7826462388038635;;;;
775.jpg;Int;0.5654104351997375;Airbus;0.6497473;A321;0.59879255
776.jpg;Int;0.6352569460868835;Boeing;0.54432815;777;0.9927874
777.jpg;Int;0.9932882189750671;Airbus;0.731525;A350;0.56266373
778.jpg;Int;0.976967453956604;Boeing;0.8962628;777;0.9999335
779.jpg;Int;0.9994363188743591;Airbus;0.983021;A321;0.648933
78.jpg;Int;0.9977505803108215;Boeing;0.99931765;777;0.76325345
780.jpg;Int;0.9860817193984985;Airbus;0.994785;A330;0.7472464
781.jpg;Int;0.9410514831542969;Boeing;0.9978073;737;0.44764033
782.jpg;Int;0.9739771485328674;Boeing;0.5736019;777;0.73397624
783.jpg;Int;0.9397894740104675;Boeing;0.9437961;777;0.96969414
784.jpg;Meal;0.614259660243988;;;;
785.jpg;Int;0.9943773150444031;Boeing;0.9764998;777;0.80501306
786.jpg;Int;0.9555343985557556;Boeing;0.9508083;757;0.44166532
787.jpg;Int;0.9998254179954529;Airbus;0.9572207;A321;0.49076197
788.jpg;Int;0.9804731607437134;Airbus;0.9950287;A330;0.7358064
789.jpg;Int;0.6756577491760254;Airbus;0.9901916;A330;0.9497028
79.jpg;Int;0.9993758797645569;Airbus;0.98032767;A330;0.5189317
790.jpg;Int;0.9198727011680603;Boeing;0.7514599;777;0.32373005
791.jpg;Meal;0.5912419557571411;;;;
792.jpg;Int;0.9996360540390015;Boeing;0.9924561;777;0.9995352
793.jpg;Int;0.9999551773071289;Boeing;0.9708874;777;0.97840697
794.jpg;Int;0.8170143961906433;Airbus;0.8085379;A321;0.49723753
795.jpg;Ext;0.5593155026435852;Boeing;;777;0.9871285
796.jpg;Int;0.9999109506607056;Boeing;0.99586844;777;0.9959157
797.jpg;Int;0.7917115092277527;Boeing;0.9981013;777;0.6502707
798.jpg;Int;0.997353196144104;Boeing;0.98678696;777;0.99994123
799.jpg;Int;0.9907558560371399;Airbus;0.71603805;A321;0.8268518
8.jpg;Int;1.0;Boeing;0.94394535;777;0.89274395
80.jpg;Meal;0.6540541648864746;;;;
800.jpg;Int;0.9967560172080994;Boeing;0.94298196;777;0.9996909
801.jpg;Int;0.9991018772125244;Boeing;0.93383396;777;0.9983683
802.jpg;Int;0.9979760050773621;Boeing;0.92771614;777;0.8937342
803.jpg;Int;0.9994662404060364;Boeing;0.957612;777;0.99440825
804.jpg;Int;0.9988313317298889;Boeing;0.98754555;777;0.9979855
805.jpg;Int;0.9881935715675354;Boeing;0.9657826;777;0.99875927
806.jpg;Int;0.9237444996833801;Airbus;0.7575394;A330;0.52924615
807.jpg;Ext;0.36136308312416077;Boeing;;737;0.7156198
808.jpg;Int;0.9999843835830688;Airbus;0.5119169;A350;0.6650985
809.jpg;Int;0.9019488096237183;Boeing;0.56418043;777;0.9970891
81.jpg;Int;0.990422248840332;Boeing;0.99078465;777;0.88438797
810.jpg;Int;0.9996964931488037;Airbus;0.8892119;A321;0.6004792
811.jpg;Int;0.9847809076309204;Airbus;0.99158365;A321;0.8538943
812.jpg;Int;0.9995119571685791;Airbus;0.86703044;A321;0.5845392
813.jpg;Int;0.7660362124443054;Airbus;0.9999591;A321;0.7088635
814.jpg;Int;0.9032236337661743;Boeing;0.66660184;777;0.9987859
815.jpg;Int;0.9210768342018127;Boeing;0.9800658;737;0.70835304
816.jpg;Meal;0.9975535273551941;;;;
817.jpg;Int;0.8772590160369873;Airbus;0.87147105;A330;0.53423756
818.jpg;Int;0.9992212057113647;Airbus;0.5969616;A350;0.898126
819.jpg;Int;0.7380101084709167;Boeing;0.99304104;777;0.7108261
82.jpg;Int;0.9999560117721558;Boeing;0.5346077;747;0.5479232
820.jpg;Meal;0.7555345296859741;;;;
821.jpg;Int;0.7348056435585022;Boeing;0.861746;777;0.9978842
822.jpg;Ext_Int;0.7901507616043091;;;;
823.jpg;Int;0.9906630516052246;Boeing;0.67544335;737;0.9061089
824.jpg;Int;0.8422150611877441;Airbus;0.67643243;A330;0.6166888
825.jpg;Ext_Int;0.7686785459518433;;;;
826.jpg;Int;0.8030531406402588;Airbus;0.99969304;A321;0.7628539
827.jpg;Int;0.9535709023475647;Boeing;0.9453376;777;0.99940467
828.jpg;Meal;0.7826462388038635;;;;
829.jpg;Int;0.9248545169830322;Airbus;0.99999785;A320;0.7595958
83.jpg;Ext_Int;0.8785725235939026;;;;
830.jpg;Int;0.7628464102745056;Boeing;0.99531746;737;0.7113582
831.jpg;Int;0.9982631802558899;Boeing;0.99889874;777;0.9645431
832.jpg;Int;0.9892587065696716;Boeing;0.982183;777;0.95039153
833.jpg;Meal;0.7826462388038635;;;;
834.jpg;Int;0.9993758797645569;Airbus;0.98032767;A330;0.5189317
835.jpg;Int;0.9183173775672913;Boeing;0.96079236;777;0.98973
836.jpg;Int;0.9647083282470703;Boeing;0.81666666;777;0.9992618
837.jpg;Int;0.7727464437484741;Airbus;0.82751644;A321;0.8474245
838.jpg;Int;0.9990027546882629;Boeing;0.9684693;777;0.9941877
839.jpg;Int;0.999945878982544;Airbus;0.9309808;A321;0.82446986
84.jpg;Int;0.9998195767402649;Airbus;0.9222667;A330;0.9885129
840.jpg;Int;0.9999090433120728;Boeing;0.99901056;777;0.9999145
841.jpg;Int;0.9963395595550537;Airbus;0.50434446;A350;0.75344056
842.jpg;Int;0.5654104351997375;Airbus;0.6497473;A321;0.59879255
843.jpg;Int;0.6352569460868835;Boeing;0.54432815;777;0.9927874
844.jpg;Int;0.9932882189750671;Airbus;0.731525;A350;0.56266373
845.jpg;Int;0.976967453956604;Boeing;0.8962628;777;0.9999335
846.jpg;Int;0.9994363188743591;Airbus;0.983021;A321;0.648933
847.jpg;Int;0.9860817193984985;Airbus;0.994785;A330;0.7472464
848.jpg;Int;0.9410514831542969;Boeing;0.9978073;737;0.44764033
849.jpg;Int;0.9739771485328674;Boeing;0.5736019;777;0.73397624
85.jpg;Ext_Int;0.546116054058075;;;;
850.jpg;Int;0.9397894740104675;Boeing;0.9437961;777;0.96969414
851.jpg;Meal;0.614259660243988;;;;
852.jpg;Int;0.9943773150444031;Boeing;0.9764998;777;0.80501306
853.jpg;Int;0.9555343985557556;Boeing;0.9508083;757;0.44166532
854.jpg;Int;0.9998254179954529;Airbus;0.9572207;A321;0.49076197
855.jpg;Int;0.9804731607437134;Airbus;0.9950287;A330;0.7358064
856.jpg;Int;0.6756577491760254;Airbus;0.9901916;A330;0.9497028
857.jpg;Int;0.9198727011680603;Boeing;0.7514599;777;0.32373005
858.jpg;Meal;0.5912419557571411;;;;
859.jpg;Int;0.9996360540390015;Boeing;0.9924561;777;0.9995352
86.jpg;Int;0.9933152794837952;Boeing;0.99430203;777;0.99170333
860.jpg;Int;0.9999551773071289;Boeing;0.9708874;777;0.97840697
861.jpg;Int;0.8170143961906433;Airbus;0.8085379;A321;0.49723753
862.jpg;Ext;0.5593155026435852;Boeing;;777;0.9871285
863.jpg;Int;0.9999109506607056;Boeing;0.99586844;777;0.9959157
864.jpg;Int;0.7917115092277527;Boeing;0.9981013;777;0.6502707
865.jpg;Int;0.997353196144104;Boeing;0.98678696;777;0.99994123
866.jpg;Int;0.9907558560371399;Airbus;0.71603805;A321;0.8268518
867.jpg;Int;0.9967560172080994;Boeing;0.94298196;777;0.9996909
868.jpg;Int;0.9991018772125244;Boeing;0.93383396;777;0.9983683
869.jpg;Int;0.9979760050773621;Boeing;0.92771614;777;0.8937342
87.jpg;Int;0.7901837229728699;Boeing;0.88616407;737;0.50813365
870.jpg;Int;0.9994662404060364;Boeing;0.957612;777;0.99440825
871.jpg;Int;0.9988313317298889;Boeing;0.98754555;777;0.9979855
872.jpg;Int;0.9881935715675354;Boeing;0.9657826;777;0.99875927
873.jpg;Int;0.9237444996833801;Airbus;0.7575394;A330;0.52924615
874.jpg;Ext;0.36136308312416077;Boeing;;737;0.7156198
875.jpg;Int;0.9999843835830688;Airbus;0.5119169;A350;0.6650985
876.jpg;Int;0.9019488096237183;Boeing;0.56418043;777;0.9970891
877.jpg;Int;0.9996964931488037;Airbus;0.8892119;A321;0.6004792
878.jpg;Int;0.9847809076309204;Airbus;0.99158365;A321;0.8538943
879.jpg;Int;0.9995119571685791;Airbus;0.86703044;A321;0.5845392
88.jpg;Int;1.0;Boeing;0.94394535;777;0.89274395
880.jpg;Int;0.7660362124443054;Airbus;0.9999591;A321;0.7088635
881.jpg;Int;0.9032236337661743;Boeing;0.66660184;777;0.9987859
882.jpg;Int;0.9210768342018127;Boeing;0.9800658;737;0.70835304
883.jpg;Meal;0.9975535273551941;;;;
884.jpg;Int;0.8772590160369873;Airbus;0.87147105;A330;0.53423756
885.jpg;Int;0.9992212057113647;Airbus;0.5969616;A350;0.898126
886.jpg;Int;0.7380101084709167;Boeing;0.99304104;777;0.7108261
887.jpg;Meal;0.7555345296859741;;;;
888.jpg;Int;0.7348056435585022;Boeing;0.861746;777;0.9978842
889.jpg;Ext_Int;0.7901507616043091;;;;
89.jpg;Int;0.6235565543174744;Boeing;0.95403355;777;0.619347
890.jpg;Int;0.9906630516052246;Boeing;0.67544335;737;0.9061089
891.jpg;Int;0.8422150611877441;Airbus;0.67643243;A330;0.6166888
892.jpg;Ext_Int;0.7686785459518433;;;;
893.jpg;Int;0.8030531406402588;Airbus;0.99969304;A321;0.7628539
894.jpg;Meal;0.7826462388038635;;;;
895.jpg;Int;0.9993758797645569;Airbus;0.98032767;A330;0.5189317
896.jpg;Int;0.9943773150444031;Boeing;0.9764998;777;0.80501306
897.jpg;Int;0.7727464437484741;Airbus;0.82751644;A321;0.8474245
898.jpg;Int;0.9556659460067749;Airbus;0.8712464;A350;0.5046437
899.jpg;Int;0.6911827325820923;Airbus;0.6475266;A330;0.42638916
9.jpg;Int;0.6235565543174744;Boeing;0.95403355;777;0.619347
90.jpg;Int;0.9999990463256836;Airbus;0.8713644;A321;0.59938234
900.jpg;Int;0.9615445733070374;Airbus;0.541254;A350;0.66741014
901.jpg;Meal;0.6011077165603638;;;;
902.jpg;Int;0.9240075349807739;Airbus;0.9977723;A330;0.77398694
903.jpg;Int;0.9652436375617981;Boeing;0.97755104;777;0.9994456
904.jpg;Int;0.8725115656852722;Airbus;0.9447026;A350;0.35998365
905.jpg;Int;0.864492654800415;Airbus;0.9817281;A350;0.5133285
906.jpg;Ext_Int;0.39140215516090393;;;;
907.jpg;Int;0.9961532950401306;Boeing;0.989066;777;0.99990404
908.jpg;Int;0.9942132830619812;Boeing;0.9762014;777;0.999741
909.jpg;Int;0.9758971333503723;Boeing;0.92448676;777;0.9997265
91.jpg;Int;0.8959152102470398;Boeing;0.9504241;777;0.70299774
910.jpg;Int;0.7875055074691772;Airbus;0.86319584;A330;0.42470035
911.jpg;Int;0.999968409538269;Airbus;0.99030274;A321;0.59800845
912.jpg;Int;0.9998726844787598;Airbus;0.9795124;A330;0.43202248
913.jpg;Int;0.9647083282470703;Boeing;0.81666666;777;0.9992618
914.jpg;Int;0.7727464437484741;Airbus;0.82751644;A321;0.8474245
915.jpg;Int;0.9990027546882629;Boeing;0.9684693;777;0.9941877
916.jpg;Int;0.999945878982544;Airbus;0.9309808;A321;0.82446986
917.jpg;Int;0.9963395595550537;Airbus;0.50434446;A350;0.75344056
918.jpg;Int;0.5654104351997375;Airbus;0.6497473;A321;0.59879255
919.jpg;Int;0.6352569460868835;Boeing;0.54432815;777;0.9927874
92.jpg;Int;0.9995972514152527;Boeing;0.8146474;737;0.6601432
920.jpg;Int;0.9932882189750671;Airbus;0.731525;A350;0.56266373
921.jpg;Int;0.976967453956604;Boeing;0.8962628;777;0.9999335
922.jpg;Int;0.9994363188743591;Airbus;0.983021;A321;0.648933
923.jpg;Int;0.9860817193984985;Airbus;0.994785;A330;0.7472464
924.jpg;Int;0.9410514831542969;Boeing;0.9978073;737;0.44764033
925.jpg;Int;0.9739771485328674;Boeing;0.5736019;777;0.73397624
926.jpg;Int;0.9397894740104675;Boeing;0.9437961;777;0.96969414
927.jpg;Meal;0.614259660243988;;;;
928.jpg;Int;0.9943773150444031;Boeing;0.9764998;777;0.80501306
929.jpg;Int;0.9555343985557556;Boeing;0.9508083;757;0.44166532
93.jpg;Ext;0.9622185826301575;Airbus;;A321;0.8687438
930.jpg;Int;0.9998254179954529;Airbus;0.9572207;A321;0.49076197
931.jpg;Int;0.9804731607437134;Airbus;0.9950287;A330;0.7358064
932.jpg;Int;0.6756577491760254;Airbus;0.9901916;A330;0.9497028
933.jpg;Int;0.9198727011680603;Boeing;0.7514599;777;0.32373005
934.jpg;Meal;0.5912419557571411;;;;
935.jpg;Int;0.9996360540390015;Boeing;0.9924561;777;0.9995352
936.jpg;Int;0.9999551773071289;Boeing;0.9708874;777;0.97840697
937.jpg;Int;0.8170143961906433;Airbus;0.8085379;A321;0.49723753
938.jpg;Ext;0.5593155026435852;Boeing;;777;0.9871285
939.jpg;Int;0.9999109506607056;Boeing;0.99586844;777;0.9959157
94.jpg;Int;0.9963066577911377;Boeing;0.9947977;777;0.8658023
940.jpg;Int;0.7917115092277527;Boeing;0.9981013;777;0.6502707
941.jpg;Int;0.997353196144104;Boeing;0.98678696;777;0.99994123
942.jpg;Int;0.9907558560371399;Airbus;0.71603805;A321;0.8268518
943.jpg;Int;0.9967560172080994;Boeing;0.94298196;777;0.9996909
944.jpg;Int;0.9991018772125244;Boeing;0.93383396;777;0.9983683
945.jpg;Int;0.9979760050773621;Boeing;0.92771614;777;0.8937342
946.jpg;Int;0.9994662404060364;Boeing;0.957612;777;0.99440825
947.jpg;Int;0.9988313317298889;Boeing;0.98754555;777;0.9979855
948.jpg;Int;0.9881935715675354;Boeing;0.9657826;777;0.99875927
949.jpg;Int;0.9237444996833801;Airbus;0.7575394;A330;0.52924615
95.jpg;Int;0.4584336578845978;Boeing;0.99930406;777;0.9825669
950.jpg;Ext;0.36136308312416077;Boeing;;737;0.71561986
951.jpg;Int;0.9999843835830688;Airbus;0.5119169;A350;0.6650985
952.jpg;Int;0.9019488096237183;Boeing;0.56418043;777;0.9970891
953.jpg;Int;0.9996964931488037;Airbus;0.8892119;A321;0.6004792
954.jpg;Int;0.9847809076309204;Airbus;0.99158365;A321;0.8538943
955.jpg;Int;0.9995119571685791;Airbus;0.86703044;A321;0.5845391
956.jpg;Int;0.7660362124443054;Airbus;0.9999591;A321;0.7088635
957.jpg;Int;0.7875055074691772;Airbus;0.86319584;A330;0.4247003
958.jpg;Int;0.9999758005142212;Boeing;0.99999404;777;0.9999993
959.jpg;Ext;0.9585060477256775;Boeing;;737;0.8528728
96.jpg;Int;0.9243948459625244;Boeing;0.92494994;777;0.9998498
960.jpg;Int;0.6911827325820923;Airbus;0.6475266;A330;0.4263891
961.jpg;Int;0.9615445733070374;Airbus;0.541254;A350;0.6674102
962.jpg;Meal;0.6011077165603638;;;;
963.jpg;Int;0.9240075349807739;Airbus;0.9977723;A330;0.77398694
964.jpg;Int;0.9652436375617981;Boeing;0.97755104;777;0.9994456
965.jpg;Int;0.8725115656852722;Airbus;0.9447026;A350;0.35998365
966.jpg;Int;0.864492654800415;Airbus;0.9817281;A350;0.5133285
967.jpg;Ext_Int;0.39140215516090393;;;;
968.jpg;Int;0.9961532950401306;Boeing;0.989066;777;0.99990404
969.jpg;Int;0.9942132830619812;Boeing;0.9762014;777;0.999741
97.jpg;Int;0.9734372496604919;Boeing;0.8859863;777;0.82263047
970.jpg;Int;0.9758971333503723;Boeing;0.92448676;777;0.9997265
971.jpg;Int;0.7875055074691772;Airbus;0.86319584;A330;0.4247003
972.jpg;Int;0.999968409538269;Airbus;0.99030274;A321;0.59800845
973.jpg;Int;0.9998726844787598;Airbus;0.9795124;A330;0.43202248
974.jpg;Int;0.9647083282470703;Boeing;0.81666666;777;0.9992618
975.jpg;Int;0.7727464437484741;Airbus;0.82751644;A321;0.8474245
976.jpg;Int;0.9990027546882629;Boeing;0.9684693;777;0.9941877
977.jpg;Int;0.999945878982544;Airbus;0.9309808;A321;0.82446986
978.jpg;Int;0.9999090433120728;Boeing;0.99901056;777;0.9999145
979.jpg;Int;0.9963395595550537;Airbus;0.50434446;A350;0.75344056
98.jpg;Int;0.9984509944915771;Airbus;0.53844637;A320;0.48180664
980.jpg;Int;0.5654104948043823;Airbus;0.6497473;A321;0.59879255
981.jpg;Int;0.6352570056915283;Boeing;0.5443282;777;0.9927874
982.jpg;Int;0.9932882189750671;Airbus;0.731525;A350;0.5626638
983.jpg;Int;0.976967453956604;Boeing;0.8962628;777;0.9999335
984.jpg;Int;0.9994363188743591;Airbus;0.983021;A321;0.64893293
985.jpg;Int;0.9860817193984985;Airbus;0.994785;A330;0.7472464
986.jpg;Int;0.9410514831542969;Boeing;0.9978073;737;0.44764033
987.jpg;Int;0.9739771485328674;Boeing;0.57360184;777;0.73397624
988.jpg;Int;0.9397894740104675;Boeing;0.9437961;777;0.96969414
989.jpg;Meal;0.6142597198486328;;;;
99.jpg;Ext;0.7587159872055054;Boeing;;777;0.99999905
990.jpg;Int;0.9943773150444031;Boeing;0.9764998;777;0.80501306
991.jpg;Int;0.9555343985557556;Boeing;0.9508083;757;0.44166532
992.jpg;Int;0.9998254179954529;Airbus;0.9572207;A321;0.4907619
993.jpg;Int;0.9804731607437134;Airbus;0.9950287;A330;0.7358064
994.jpg;Int;0.6756577491760254;Airbus;0.9901916;A330;0.9497028
995.jpg;Int;0.9198727011680603;Boeing;0.75146;777;0.32373008
996.jpg;Meal;0.5912419557571411;;;;
997.jpg;Int;0.9996360540390015;Boeing;0.9924561;777;0.9995352
998.jpg;Int;0.9999551773071289;Boeing;0.9708874;777;0.97840697
999.jpg;Int;0.8170143961906433;Airbus;0.8085379;A321;0.49723753
