img;view;view_proba;manufacturer;manufacturer_proba;type;type_proba
340.jpg;Int;0.7402551770210266;Airbus;0.73934144;A330;0.91444975
1109.jpg;Int;0.8584239482879639;Airbus;0.87480366;A350;0.9970209
337.jpg;Int;0.7105621695518494;Airbus;0.9211321;A320;0.6849911
685.jpg;Int;0.9896877408027649;Boeing;0.82720065;737;0.6864907
794.jpg;Int;0.948394238948822;Airbus;0.5921116;A380;0.7395233
826.jpg;Int;0.6884852051734924;Airbus;0.9947856;A320;0.45349887
700.jpg;Int;0.9996751546859741;Airbus;0.9243122;A350;0.58140606
961.jpg;Int;0.886191189289093;Airbus;0.658605;A321;0.55470026
1008.jpg;Int;0.9937143921852112;Airbus;0.65853643;A320;0.5494627
425.jpg;Int;0.9638988971710205;Airbus;0.6695716;A380;0.56454754
351.jpg;Int;0.9868054389953613;Boeing;0.87212783;777;0.98420805
1077.jpg;Int;0.9984111785888672;Airbus;0.7317251;A350;0.5543895
238.jpg;Int;0.9862866997718811;Airbus;0.51511115;A320;0.50361407
686.jpg;Int;0.9768895506858826;Airbus;0.5037641;A330;0.49600804
82.jpg;Int;0.9999954700469971;Boeing;0.8532497;777;0.974008
404.jpg;Int;0.8206912875175476;Airbus;0.8936988;A350;0.9624273
229.jpg;Int;0.9999474287033081;Boeing;0.5979894;737;0.5462372
857.jpg;Int;0.9929983615875244;Boeing;0.84529454;737;0.48489174
620.jpg;Int;0.9999557733535767;Boeing;0.9443639;737;0.87967694
63.jpg;Int;0.990203857421875;Boeing;0.62601596;737;0.5314479
1057.jpg;Int;0.9680458307266235;Boeing;0.88960475;777;0.9982765
89.jpg;Int;0.5813218355178833;Boeing;0.70189667;737;0.96029586
389.jpg;Int;0.9698516726493835;Airbus;0.5297342;A320;0.9641066
42.jpg;Int;0.9989637136459351;Airbus;0.7166668;A320;0.52070975
493.jpg;Int;1.0;Boeing;0.9716599;777;0.82484907
1124.jpg;Int;0.9896877408027649;Boeing;0.82720065;737;0.6864907
176.jpg;Int;0.9845274686813354;Airbus;0.9392273;A350;0.5772048
405.jpg;Int;0.9840588569641113;Airbus;0.9797649;A350;0.6177499
279.jpg;Meal;0.9860192537307739;;;;
368.jpg;Ext;0.9510332942008972;Airbus;;A321;0.22836591
575.jpg;Int;0.891139805316925;Airbus;0.8723146;A330;0.46032408
702.jpg;Ext_Int;0.47706374526023865;;;;
723.jpg;Int;0.9993357062339783;Airbus;0.9171202;A330;0.91048235
474.jpg;Int;0.43495452404022217;Boeing;0.852143;737;0.9232002
366.jpg;Int;0.9999265670776367;Airbus;0.64992434;A321;0.97233814
179.jpg;Int;0.9895991086959839;Boeing;0.7598385;777;0.929535
549.jpg;Int;0.9931301474571228;Airbus;0.84042144;A380;0.7296588
177.jpg;Int;0.9998722076416016;Airbus;0.9245755;A330;0.93671185
1014.jpg;Ext;0.5454832911491394;Airbus;;A380;0.25688034
496.jpg;Meal;0.9670781493186951;;;;
285.jpg;Meal;0.48345816135406494;;;;
299.jpg;Int;0.6472167372703552;Airbus;0.6820152;A350;0.71304095
18.jpg;Int;0.9862224459648132;Boeing;0.7520054;777;0.94404113
302.jpg;Ext;1.0;Boeing;;757;0.21614192
904.jpg;Int;0.8896251916885376;Airbus;0.79941463;A350;0.5821127
359.jpg;Int;0.9604669809341431;Airbus;0.9866585;A350;0.8738964
509.jpg;Int;0.6233477592468262;Airbus;0.97719496;A330;0.8046294
85.jpg;Ext_Int;0.7459568977355957;;;;
181.jpg;Int;0.980933427810669;Airbus;0.77835774;A320;0.33181265
518.jpg;Int;0.9985334873199463;Boeing;0.93943495;777;0.9758759
420.jpg;Int;0.8840834498405457;Airbus;0.99894816;A330;0.9572136
735.jpg;Int;0.8912593722343445;Boeing;0.7023766;737;0.4613983
668.jpg;Int;0.9943268895149231;Airbus;0.92973363;A330;0.8812186
1024.jpg;Meal;0.6864468455314636;;;;
403.jpg;Meal;0.8067936301231384;;;;
645.jpg;Int;0.9969082474708557;Airbus;0.9549968;A320;0.6751049
45.jpg;Int;0.9801108241081238;Boeing;0.9418519;777;0.9941333
482.jpg;Int;0.9806400537490845;Airbus;0.9098775;A350;0.64879274
836.jpg;Int;0.860607922077179;Airbus;0.86190015;A380;0.47683907
327.jpg;Int;0.9264479279518127;Boeing;0.9975458;777;0.6056915
3.jpg;Ext_Int;0.9468724131584167;;;;
605.jpg;Int;0.998005211353302;Boeing;0.99906105;777;0.91838926
839.jpg;Int;0.999934196472168;Airbus;0.82545084;A321;0.4774515
734.jpg;Int;0.9997275471687317;Boeing;0.96743774;777;0.9976561
665.jpg;Int;0.8515004515647888;Boeing;0.62806547;777;0.92003274
937.jpg;Int;0.948394238948822;Airbus;0.5921116;A380;0.7395233
621.jpg;Int;0.948394238948822;Airbus;0.5921116;A380;0.7395233
541.jpg;Int;0.9898205995559692;Airbus;0.71397805;A330;0.54621935
217.jpg;Int;0.9945197701454163;Airbus;0.9972584;A350;0.8459536
618.jpg;Int;0.6389783620834351;Boeing;0.6197155;777;0.99708277
1028.jpg;Int;0.9965941309928894;Airbus;0.7755008;A380;0.6360439
7.jpg;Ext;0.6849778294563293;Boeing;;747;0.3151183
588.jpg;Int;0.6026380062103271;Airbus;0.6940058;A330;0.38657176
196.jpg;Int;0.9499719142913818;Airbus;0.81518936;A380;0.5054074
1128.jpg;Int;0.9920663833618164;Boeing;0.8628516;737;0.75234187
451.jpg;Int;0.9725167751312256;Boeing;0.9774329;737;0.9389645
738.jpg;Ext_Int;0.5220187306404114;;;;
308.jpg;Int;0.9999691247940063;Boeing;0.9830036;737;0.98132735
776.jpg;Int;0.9781845211982727;Boeing;0.7741319;777;0.7484869
483.jpg;Ext_Int;0.4538232684135437;;;;
209.jpg;Int;0.601732075214386;Boeing;0.96568996;737;0.8181842
376.jpg;Int;0.9161202311515808;Boeing;0.99283046;777;0.9441404
469.jpg;Int;0.9993385672569275;Boeing;0.60310787;757;0.4076111
411.jpg;Int;0.8767837285995483;Boeing;0.8851018;777;0.94937325
940.jpg;Int;0.9476719498634338;Airbus;0.5029966;A380;0.7723024
585.jpg;Int;0.930648922920227;Airbus;0.888337;A320;0.573185
722.jpg;Ext;0.42304861545562744;Boeing;;737;0.18292056
801.jpg;Int;0.9960843324661255;Boeing;0.9873362;777;0.9959847
288.jpg;Ext_Int;0.997183620929718;;;;
1133.jpg;Int;0.6389783620834351;Boeing;0.6197155;777;0.99708277
488.jpg;Int;0.978181779384613;Boeing;0.72240347;777;0.8939971
321.jpg;Int;0.980933427810669;Airbus;0.77835774;A320;0.33181265
551.jpg;Int;0.998653769493103;Boeing;0.5548043;737;0.6886653
1018.jpg;Int;0.7230902314186096;Airbus;0.9609185;A330;0.43402448
153.jpg;Int;0.9996063113212585;Boeing;0.7271429;737;0.97329366
1081.jpg;Int;0.6233477592468262;Airbus;0.97719496;A330;0.8046294
819.jpg;Int;0.8912593722343445;Boeing;0.7023766;737;0.4613983
600.jpg;Int;0.9898205995559692;Airbus;0.71397805;A330;0.54621935
968.jpg;Int;0.9714205861091614;Boeing;0.92773914;777;0.9244787
80.jpg;Ext;0.6300806403160095;Airbus;;A321;0.12236868
695.jpg;Int;0.9971988201141357;Boeing;0.79245895;777;0.9696445
47.jpg;Ext_Int;0.997183620929718;;;;
1085.jpg;Int;0.9926387071609497;Airbus;0.95647097;A380;0.40862575
891.jpg;Int;0.8515004515647888;Boeing;0.62806547;777;0.92003274
852.jpg;Int;0.9979149699211121;Airbus;0.64364874;A321;0.3374251
572.jpg;Int;0.9807209968566895;Airbus;0.8544069;A330;0.49434927
1022.jpg;Meal;0.6247480511665344;;;;
438.jpg;Meal;0.49350810050964355;;;;
107.jpg;Ext;0.9480271935462952;Boeing;;757;0.26055288
320.jpg;Int;0.601732075214386;Boeing;0.96568996;737;0.8181842
1115.jpg;Int;0.999934196472168;Airbus;0.82545084;A321;0.4774515
1023.jpg;Int;0.4993438422679901;Airbus;0.958593;A320;0.70345277
91.jpg;Ext;0.5088845491409302;Boeing;;747;0.26979724
200.jpg;Int;0.9300302863121033;Airbus;0.97722024;A330;0.49874347
687.jpg;Int;0.9292553067207336;Boeing;0.804076;777;0.3942131
159.jpg;Int;0.9921025633811951;Airbus;0.91559136;A320;0.7124414
710.jpg;Int;0.973645806312561;Boeing;0.98709726;777;0.9998672
487.jpg;Ext;0.8042576909065247;Boeing;;757;0.26417956
202.jpg;Int;0.9921025633811951;Airbus;0.91559136;A320;0.7124414
429.jpg;Int;0.7402551770210266;Airbus;0.73934144;A330;0.91444975
999.jpg;Int;0.948394238948822;Airbus;0.5921116;A380;0.7395233
683.jpg;Int;0.9851699471473694;Boeing;0.733672;737;0.7396846
614.jpg;Int;0.9942084550857544;Airbus;0.9380881;A330;0.96984774
750.jpg;Int;0.9721206426620483;Airbus;0.86701196;A350;0.57034606
461.jpg;Int;0.9989043474197388;Airbus;0.8617069;A320;0.92400074
97.jpg;Int;0.9862866997718811;Airbus;0.51511115;A320;0.50361407
1101.jpg;Meal;0.4204520583152771;;;;
690.jpg;Int;0.9942084550857544;Airbus;0.9380881;A330;0.96984774
185.jpg;Meal;0.9860192537307739;;;;
990.jpg;Int;0.9979149699211121;Airbus;0.64364874;A321;0.3374251
13.jpg;Ext;0.9969183206558228;Airbus;;A350;0.21039224
223.jpg;Int;0.9996460676193237;Boeing;0.88312685;777;0.8206768
775.jpg;Int;0.9703263640403748;Boeing;0.5011231;777;0.9963863
75.jpg;Int;0.9996063113212585;Boeing;0.7271429;737;0.97329366
550.jpg;Int;0.978181779384613;Boeing;0.72240347;777;0.8939971
1073.jpg;Int;0.948394238948822;Airbus;0.5921116;A380;0.7395233
846.jpg;Int;0.9947243332862854;Airbus;0.97517234;A320;0.94528157
406.jpg;Ext;0.8042576909065247;Boeing;;757;0.26417956
444.jpg;Int;0.6026380062103271;Airbus;0.6940058;A330;0.38657176
1132.jpg;Int;0.9929983615875244;Boeing;0.84529454;737;0.48489174
324.jpg;Meal;0.9860192537307739;;;;
161.jpg;Int;0.9822196960449219;Airbus;0.5072294;A350;0.93233263
465.jpg;Int;0.9161202311515808;Boeing;0.99283046;777;0.9441404
958.jpg;Int;0.9998949766159058;Airbus;0.7130516;A320;0.91966856
1039.jpg;Meal;0.4204520583152771;;;;
803.jpg;Int;0.9937143921852112;Airbus;0.65853643;A320;0.5494627
634.jpg;Int;0.973645806312561;Boeing;0.98709726;777;0.9998672
619.jpg;Int;0.9971988201141357;Boeing;0.79245895;777;0.9696445
164.jpg;Int;0.9506937861442566;Airbus;0.97163063;A350;0.9068775
530.jpg;Int;0.9232065081596375;Boeing;0.8100563;777;0.8395794
840.jpg;Int;0.9980731010437012;Boeing;0.99883944;777;0.9997811
1136.jpg;Int;0.948394238948822;Airbus;0.5921116;A380;0.7395233
731.jpg;Int;0.9111464023590088;Boeing;0.58356166;737;0.456092
128.jpg;Ext;0.924412190914154;Boeing;;777;0.25514263
304.jpg;Meal;0.5866895318031311;;;;
742.jpg;Int;0.6884852051734924;Airbus;0.9947856;A320;0.45349887
630.jpg;Int;0.9937521815299988;Boeing;0.8457568;777;0.99554515
641.jpg;Int;0.9976276755332947;Boeing;0.9284615;777;0.9305972
168.jpg;Int;0.990203857421875;Boeing;0.62601596;737;0.5314479
413.jpg;Int;0.9991797804832458;Airbus;0.88807017;A320;0.47228006
134.jpg;Ext;0.9772509932518005;Airbus;;A350;0.21904972
417.jpg;Int;0.6884852051734924;Airbus;0.9947856;A320;0.45349887
693.jpg;Int;0.9929983615875244;Boeing;0.84529454;737;0.48489174
667.jpg;Int;0.6884852051734924;Airbus;0.9947856;A320;0.45349887
576.jpg;Int;0.7402551770210266;Airbus;0.73934144;A330;0.91444975
768.jpg;Int;0.9003661870956421;Boeing;0.93884254;777;0.99413526
212.jpg;Meal;0.9860192537307739;;;;
149.jpg;Int;0.9999021291732788;Boeing;0.7111334;777;0.94531745
889.jpg;Ext_Int;0.5220187306404114;;;;
540.jpg;Int;0.9989043474197388;Airbus;0.8617069;A320;0.92400074
511.jpg;Int;0.9807209968566895;Airbus;0.8544069;A330;0.49434927
138.jpg;Int;0.9996460676193237;Boeing;0.88312685;777;0.8206768
356.jpg;Int;0.9232065081596375;Boeing;0.8100563;777;0.8395794
336.jpg;Int;0.9638988971710205;Airbus;0.6695716;A380;0.56454754
992.jpg;Int;0.9942084550857544;Airbus;0.9380881;A330;0.96984774
632.jpg;Int;0.9476719498634338;Airbus;0.5029966;A380;0.7723024
298.jpg;Int;0.9469990730285645;Boeing;0.9069912;777;0.68145037
73.jpg;Int;1.0;Boeing;0.54108506;777;0.9983584
938.jpg;Ext;0.8868367075920105;Airbus;;A380;0.2862636
448.jpg;Int;0.9604669809341431;Airbus;0.9866585;A350;0.8738964
808.jpg;Int;0.9993357062339783;Airbus;0.9171202;A330;0.91048235
718.jpg;Int;0.9789597392082214;Boeing;0.8083525;777;0.900929
99.jpg;Meal;0.5841361880302429;;;;
113.jpg;Int;0.9264479279518127;Boeing;0.9975458;777;0.6056915
36.jpg;Int;0.9993886947631836;Boeing;0.8565806;777;0.99969816
287.jpg;Ext;0.9808355569839478;Airbus;;A380;0.31352738
519.jpg;Ext;0.6376205086708069;Boeing;;737;0.22650576
346.jpg;Int;0.9015207290649414;Airbus;0.9586173;A330;0.38577613
886.jpg;Int;0.8912593722343445;Boeing;0.7023766;737;0.4613983
607.jpg;Int;0.998653769493103;Boeing;0.5548043;737;0.6886653
691.jpg;Int;0.9890879392623901;Boeing;0.640276;737;0.721683
233.jpg;Ext_Int;0.7459568977355957;;;;
841.jpg;Int;0.9855356216430664;Airbus;0.7138982;A350;0.52547
55.jpg;Int;0.9959237575531006;Boeing;0.9798283;777;0.9210495
402.jpg;Int;0.8104007244110107;Boeing;0.64515364;777;0.9817338
286.jpg;Int;0.9801108241081238;Boeing;0.9418519;777;0.9941333
842.jpg;Int;0.9703263640403748;Boeing;0.5011231;777;0.9963863
1089.jpg;Int;0.9750036001205444;Boeing;0.79003054;777;0.93391454
720.jpg;Int;0.9115457534790039;Boeing;0.54562634;777;0.92186934
906.jpg;Ext_Int;0.6370723247528076;;;;
307.jpg;Int;0.9975103139877319;Airbus;0.7608363;A350;0.91286474
712.jpg;Int;0.9802449345588684;Airbus;0.6464011;A350;0.7542324
5.jpg;Ext_Int;0.7459568977355957;;;;
737.jpg;Int;0.9106131196022034;Boeing;0.718275;777;0.9885988
194.jpg;Ext;0.924412190914154;Boeing;;777;0.25514263
555.jpg;Int;0.7230902314186096;Airbus;0.9609185;A330;0.43402448
259.jpg;Int;0.9975103139877319;Airbus;0.7608363;A350;0.91286474
1072.jpg;Int;0.9999557733535767;Boeing;0.9443639;737;0.87967694
669.jpg;Int;0.6233477592468262;Airbus;0.97719496;A330;0.8046294
124.jpg;Meal;0.48345816135406494;;;;
132.jpg;Int;0.9997485280036926;Airbus;0.8381156;A320;0.84385026
462.jpg;Int;0.9898205995559692;Airbus;0.71397805;A330;0.54621935
680.jpg;Int;0.8767837285995483;Boeing;0.8851018;777;0.94937325
268.jpg;Meal;0.5302719473838806;;;;
253.jpg;Int;0.998653769493103;Boeing;0.5548043;737;0.6886653
875.jpg;Int;0.9993357062339783;Airbus;0.9171202;A330;0.91048235
980.jpg;Int;0.9703263640403748;Boeing;0.5011231;777;0.9963863
95.jpg;Int;0.601732075214386;Boeing;0.96568996;737;0.8181842
869.jpg;Int;0.9965677261352539;Boeing;0.8009865;777;0.9826664
890.jpg;Int;0.9890811443328857;Airbus;0.6040631;A330;0.44578043
863.jpg;Int;0.9937521815299988;Boeing;0.8457568;777;0.99554515
123.jpg;Int;0.9999974966049194;Airbus;0.7808034;A330;0.50415015
262.jpg;Int;0.30720773339271545;Airbus;0.70730907;A350;0.7741687
822.jpg;Ext_Int;0.5220187306404114;;;;
725.jpg;Int;0.9989758729934692;Boeing;0.7302778;777;0.9985423
527.jpg;Int;0.9701288342475891;Boeing;0.90501153;777;0.49978378
770.jpg;Int;0.8515004515647888;Boeing;0.62806547;777;0.92003274
1002.jpg;Int;0.9476719498634338;Airbus;0.5029966;A380;0.7723024
1100.jpg;Int;0.886191189289093;Airbus;0.658605;A321;0.55470026
418.jpg;Int;0.9943268895149231;Airbus;0.92973363;A330;0.8812186
301.jpg;Int;0.8017892837524414;Boeing;0.6184342;737;0.99423414
169.jpg;Int;0.9852693676948547;Airbus;0.5857971;A380;0.9892286
721.jpg;Int;0.9969082474708557;Airbus;0.9549968;A320;0.6751049
978.jpg;Int;0.9980731010437012;Boeing;0.99883944;777;0.9997811
763.jpg;Int;0.9115457534790039;Boeing;0.54562634;777;0.92186934
830.jpg;Int;0.9807209968566895;Airbus;0.8544069;A330;0.49434927
381.jpg;Int;0.9840588569641113;Airbus;0.9797649;A350;0.6177499
165.jpg;Int;0.7279296517372131;Airbus;0.9850884;A350;0.8799926
522.jpg;Int;0.9980068802833557;Boeing;0.8535095;777;0.9984932
806.jpg;Int;0.9115457534790039;Boeing;0.54562634;777;0.92186934
120.jpg;Meal;0.657548189163208;;;;
628.jpg;Int;0.9749080538749695;Boeing;0.9943269;777;0.9827323
410.jpg;Int;0.9200667142868042;Airbus;0.8870725;A320;0.5409049
267.jpg;Int;0.9999707937240601;Airbus;0.55810803;A350;0.7617686
39.jpg;Ext;1.0;Boeing;;737;0.34703103
515.jpg;Int;0.7402551770210266;Airbus;0.73934144;A330;0.91444975
312.jpg;Ext_Int;0.9483010172843933;;;;
508.jpg;Int;0.9943268895149231;Airbus;0.92973363;A330;0.8812186
1119.jpg;Int;0.9986989498138428;Boeing;0.84259975;777;0.99795794
825.jpg;Ext;0.5275141000747681;Airbus;;A380;0.37861386
345.jpg;Int;0.8146652579307556;Boeing;0.8607269;777;0.9876628
360.jpg;Int;0.8897057771682739;Airbus;0.66892016;A380;0.6587561
252.jpg;Int;0.9996460676193237;Boeing;0.88312685;777;0.8206768
347.jpg;Int;0.9980068802833557;Boeing;0.8535095;777;0.9984932
478.jpg;Int;0.9698516726493835;Airbus;0.5297342;A320;0.9641066
434.jpg;Int;0.8146652579307556;Boeing;0.8607269;777;0.9876628
184.jpg;Int;0.9995515942573547;Airbus;0.8537706;A330;0.9357126
1086.jpg;Int;0.6133992075920105;Boeing;0.7841972;737;0.41380432
377.jpg;Int;0.9972033500671387;Boeing;0.9992405;777;0.8576912
446.jpg;Int;0.9720569252967834;Boeing;0.99906915;777;0.9999629
956.jpg;Int;0.7230902314186096;Airbus;0.9609185;A330;0.43402448
697.jpg;Int;0.948394238948822;Airbus;0.5921116;A380;0.7395233
671.jpg;Int;0.9807209968566895;Airbus;0.8544069;A330;0.49434927
397.jpg;Int;0.9484860897064209;Boeing;0.5390663;777;0.63461626
626.jpg;Ext_Int;0.47706374526023865;;;;
470.jpg;Int;0.9840588569641113;Airbus;0.9797649;A350;0.6177499
1112.jpg;Int;0.860607922077179;Airbus;0.86190015;A380;0.47683907
261.jpg;Int;0.9481478333473206;Airbus;0.64908767;A380;0.39338613
102.jpg;Int;0.9685660004615784;Boeing;0.84850574;737;0.9625888
962.jpg;Meal;0.4204520583152771;;;;
1048.jpg;Int;0.9968932867050171;Airbus;0.99730057;A350;0.8870256
1079.jpg;Int;0.9972915053367615;Boeing;0.753634;777;0.999918
1140.jpg;Meal;0.4204520583152771;;;;
546.jpg;Int;0.998005211353302;Boeing;0.99906105;777;0.91838926
31.jpg;Int;0.9997277855873108;Airbus;0.9212628;A330;0.82299477
860.jpg;Int;0.9999557733535767;Boeing;0.9443639;737;0.87967694
577.jpg;Int;0.9705609679222107;Airbus;0.8804134;A330;0.6125357
1020.jpg;Int;0.9998949766159058;Airbus;0.7130516;A320;0.91966856
1026.jpg;Int;0.997105062007904;Boeing;0.9182411;777;0.99437827
1107.jpg;Int;0.9714205861091614;Boeing;0.92773914;777;0.9244787
139.jpg;Int;0.9980376362800598;Boeing;0.8434183;777;0.9752303
715.jpg;Int;0.9965677261352539;Boeing;0.8009865;777;0.9826664
1082.jpg;Int;0.9999949932098389;Boeing;0.56127214;777;0.9092103
136.jpg;Ext;1.0;Airbus;;A380;0.306801
156.jpg;Int;0.9991797804832458;Airbus;0.88807017;A320;0.47228006
589.jpg;Int;0.9232065081596375;Boeing;0.8100563;777;0.8395794
696.jpg;Int;0.9999557733535767;Boeing;0.9443639;737;0.87967694
22.jpg;Int;0.9685660004615784;Boeing;0.84850574;737;0.9625888
358.jpg;Int;0.9649708271026611;Airbus;0.6162164;A380;0.89049506
838.jpg;Int;0.9907985925674438;Boeing;0.7661902;777;0.7735109
520.jpg;Int;0.8146652579307556;Boeing;0.8607269;777;0.9876628
309.jpg;Int;0.9481478333473206;Airbus;0.64908767;A380;0.39338613
1105.jpg;Int;0.7646310925483704;Airbus;0.87768817;A350;0.856997
243.jpg;Int;0.9264479279518127;Boeing;0.9975458;777;0.6056915
1095.jpg;Int;0.998013973236084;Boeing;0.99275726;777;0.97069764
903.jpg;Int;0.7458553314208984;Airbus;0.8949947;A350;0.9954887
864.jpg;Int;0.9476719498634338;Airbus;0.5029966;A380;0.7723024
643.jpg;Int;0.9721206426620483;Airbus;0.86701196;A350;0.57034606
1111.jpg;Int;0.9968932867050171;Airbus;0.99730057;A350;0.8870256
892.jpg;Ext;0.5275141000747681;Airbus;;A380;0.37861386
951.jpg;Int;0.9993357062339783;Airbus;0.9171202;A330;0.91048235
367.jpg;Int;0.9055848121643066;Boeing;0.6860854;777;0.69163454
559.jpg;Int;0.8014629483222961;Boeing;0.6440932;777;0.95488334
1069.jpg;Int;0.9929983615875244;Boeing;0.84529454;737;0.48489174
440.jpg;Int;0.9868054389953613;Boeing;0.87212783;777;0.98420805
748.jpg;Int;0.9751905798912048;Boeing;0.5200133;777;0.87706333
594.jpg;Ext_Int;0.7406826615333557;;;;
239.jpg;Ext;1.0;Airbus;;A321;0.1937481
216.jpg;Int;0.9993886947631836;Boeing;0.8565806;777;0.99969816
8.jpg;Int;1.0;Boeing;0.9716599;777;0.82484907
349.jpg;Meal;0.49350810050964355;;;;
344.jpg;Ext;0.6376205086708069;Boeing;;737;0.22650576
318.jpg;Ext;0.9969183206558228;Airbus;;A350;0.21039224
1005.jpg;Int;0.9972915053367615;Boeing;0.753634;777;0.999918
385.jpg;Int;0.43495452404022217;Boeing;0.852143;737;0.9232002
1071.jpg;Int;0.9971988201141357;Boeing;0.79245895;777;0.9696445
675.jpg;Int;0.7402551770210266;Airbus;0.73934144;A330;0.91444975
922.jpg;Int;0.9947243332862854;Airbus;0.97517234;A320;0.94528157
1138.jpg;Ext;0.8868367075920105;Airbus;;A380;0.2862636
880.jpg;Int;0.7230902314186096;Airbus;0.9609185;A330;0.43402448
109.jpg;Int;0.9611578583717346;Airbus;0.91797644;A320;0.609258
481.jpg;Int;0.8604524731636047;Boeing;0.5654531;777;0.9612097
296.jpg;Int;0.9671595692634583;Airbus;0.50215775;A350;0.6502785
558.jpg;Meal;0.9670781493186951;;;;
929.jpg;Int;0.9920663833618164;Boeing;0.8628516;737;0.75234187
650.jpg;Int;0.7157391309738159;Boeing;0.78263825;737;0.97734123
295.jpg;Int;0.978181779384613;Boeing;0.72240347;777;0.8939971
517.jpg;Int;0.8956465721130371;Boeing;0.99187356;747;0.4332742
593.jpg;Int;0.9876512289047241;Boeing;0.9977315;777;0.9886729
896.jpg;Int;0.9979149699211121;Airbus;0.64364874;A321;0.3374251
812.jpg;Int;0.9995324611663818;Boeing;0.57218724;777;0.9983329
1137.jpg;Int;0.9737765789031982;Airbus;0.6070512;A380;0.3894575
760.jpg;Int;0.9999557733535767;Boeing;0.9443639;737;0.87967694
426.jpg;Int;0.7105621695518494;Airbus;0.9211321;A320;0.6849911
452.jpg;Int;0.9916784763336182;Boeing;0.8363791;777;0.97245795
192.jpg;Ext;0.559609055519104;Boeing;;747;0.2595038
57.jpg;Int;0.9991797804832458;Airbus;0.88807017;A320;0.47228006
807.jpg;Ext;0.42304861545562744;Boeing;;737;0.18292056
227.jpg;Ext;0.9808355569839478;Airbus;;A380;0.31352738
477.jpg;Int;0.999880313873291;Boeing;0.5261825;737;0.9953074
506.jpg;Ext;0.5275141000747681;Airbus;;A380;0.37861386
983.jpg;Int;0.9680458307266235;Boeing;0.88960475;777;0.9982765
804.jpg;Int;0.9976276755332947;Boeing;0.9284615;777;0.9305972
774.jpg;Int;0.6233477592468262;Airbus;0.97719496;A330;0.8046294
939.jpg;Int;0.9937521815299988;Boeing;0.8457568;777;0.99554515
943.jpg;Int;0.9972915053367615;Boeing;0.753634;777;0.999918
977.jpg;Int;0.999934196472168;Airbus;0.82545084;A321;0.4774515
271.jpg;Ext_Int;0.7459568977355957;;;;
146.jpg;Int;0.9428554773330688;Boeing;0.7751296;777;0.99911505
539.jpg;Int;0.9994507431983948;Airbus;0.6607915;A330;0.5996444
186.jpg;Int;0.9979493021965027;Boeing;0.61335546;777;0.9898573
1042.jpg;Int;0.8896251916885376;Airbus;0.79941463;A350;0.5821127
199.jpg;Int;1.0;Boeing;0.54108506;777;0.9983584
1006.jpg;Int;0.9960843324661255;Boeing;0.9873362;777;0.9959847
242.jpg;Int;0.9997277855873108;Airbus;0.9212628;A330;0.82299477
533.jpg;Int;0.9876512289047241;Boeing;0.9977315;777;0.9886729
62.jpg;Int;0.9999942779541016;Airbus;0.96312654;A330;0.75237304
529.jpg;Int;0.6026380062103271;Airbus;0.6940058;A330;0.38657176
133.jpg;Int;0.9499719142913818;Airbus;0.81518936;A380;0.5054074
84.jpg;Int;0.9998722076416016;Airbus;0.9245755;A330;0.93671185
874.jpg;Ext;0.42304861545562744;Boeing;;737;0.18292056
531.jpg;Int;0.9720569252967834;Boeing;0.99906915;777;0.9999629
208.jpg;Int;0.9895991086959839;Boeing;0.7598385;777;0.929535
786.jpg;Int;0.9920663833618164;Boeing;0.8628516;737;0.75234187
538.jpg;Ext;0.9969162940979004;Airbus;;A350;0.20087011
773.jpg;Int;0.6233477592468262;Airbus;0.97719496;A330;0.8046294
390.jpg;Int;0.9916024804115295;Boeing;0.7267404;777;0.9983917
130.jpg;Int;0.9980644583702087;Boeing;0.5905891;777;0.9739785
399.jpg;Int;0.8754873275756836;Airbus;0.72058475;A330;0.5399613
791.jpg;Int;0.6389783620834351;Boeing;0.6197155;777;0.99708277
492.jpg;Int;0.8767837285995483;Boeing;0.8851018;777;0.94937325
170.jpg;Int;0.9999707937240601;Airbus;0.55810803;A350;0.7617686
275.jpg;Int;0.601732075214386;Boeing;0.96568996;737;0.8181842
741.jpg;Ext;0.5275141000747681;Airbus;;A380;0.37861386
793.jpg;Int;0.9999557733535767;Boeing;0.9443639;737;0.87967694
988.jpg;Int;0.9768895506858826;Airbus;0.5037641;A330;0.49600804
323.jpg;Ext;0.9990938901901245;Airbus;;A380;0.27501678
867.jpg;Int;0.9972915053367615;Boeing;0.753634;777;0.999918
15.jpg;Int;0.601732075214386;Boeing;0.96568996;737;0.8181842
883.jpg;Meal;0.9670781493186951;;;;
907.jpg;Int;0.9714205861091614;Boeing;0.92773914;777;0.9244787
386.jpg;Int;0.9931301474571228;Airbus;0.84042144;A380;0.7296588
516.jpg;Int;0.9705609679222107;Airbus;0.8804134;A330;0.6125357
225.jpg;Int;0.9801108241081238;Boeing;0.9418519;777;0.9941333
778.jpg;Int;0.9680458307266235;Boeing;0.88960475;777;0.9982765
537.jpg;Int;0.9992081522941589;Boeing;0.69875383;777;0.9741985
44.jpg;Meal;0.48345816135406494;;;;
1104.jpg;Int;0.8896251916885376;Airbus;0.79941463;A350;0.5821127
975.jpg;Int;0.9162578582763672;Airbus;0.75444955;A330;0.9133258
198.jpg;Int;0.9996460676193237;Boeing;0.88312685;777;0.8206768
48.jpg;Ext;0.924412190914154;Boeing;;777;0.25514263
313.jpg;Meal;0.9302367568016052;;;;
926.jpg;Int;0.9768895506858826;Airbus;0.5037641;A330;0.49600804
387.jpg;Int;0.7938838601112366;Boeing;0.5195457;737;0.95735556
976.jpg;Int;0.9907985925674438;Boeing;0.7661902;777;0.7735109
908.jpg;Int;0.9695020914077759;Boeing;0.61319536;777;0.96979284
1116.jpg;Int;0.9855356216430664;Airbus;0.7138982;A350;0.52547
325.jpg;Int;0.9979493021965027;Boeing;0.61335546;777;0.9898573
729.jpg;Int;0.7230902314186096;Airbus;0.9609185;A330;0.43402448
740.jpg;Int;0.8515004515647888;Boeing;0.62806547;777;0.92003274
464.jpg;Int;0.9992260932922363;Airbus;0.6391748;A330;0.54884994
591.jpg;Int;0.9725167751312256;Boeing;0.9774329;737;0.9389645
154.jpg;Int;0.9200667142868042;Airbus;0.8870725;A320;0.5409049
769.jpg;Int;0.9106131196022034;Boeing;0.718275;777;0.9885988
698.jpg;Int;0.9737765789031982;Airbus;0.6070512;A380;0.3894575
105.jpg;Ext;0.9990938901901245;Airbus;;A380;0.27501678
757.jpg;Int;0.9979149699211121;Airbus;0.64364874;A321;0.3374251
372.jpg;Int;0.9989043474197388;Airbus;0.8617069;A320;0.92400074
654.jpg;Meal;0.3686220049858093;;;;
305.jpg;Int;0.8543765544891357;Airbus;0.78753906;A320;0.599899
624.jpg;Int;0.9996751546859741;Airbus;0.9243122;A350;0.58140606
92.jpg;Int;0.9998779296875;Airbus;0.5561925;A320;0.8904834
1141.jpg;Int;0.9200667142868042;Airbus;0.8870725;A320;0.5409049
1130.jpg;Int;0.9890879392623901;Boeing;0.640276;737;0.721683
779.jpg;Int;0.9947243332862854;Airbus;0.97517234;A320;0.94528157
67.jpg;Ext;0.7483469247817993;Boeing;;757;0.17829268
258.jpg;Int;0.99657142162323;Boeing;0.58949554;737;0.68993324
1076.jpg;Int;0.9476719498634338;Airbus;0.5029966;A380;0.7723024
497.jpg;Int;0.9876070618629456;Airbus;0.73404044;A320;0.8575435
608.jpg;Int;0.8767837285995483;Boeing;0.8851018;777;0.94937325
1123.jpg;Int;0.9676210880279541;Airbus;0.7695176;A320;0.53725696
316.jpg;Int;0.9999954700469971;Boeing;0.8532497;777;0.974008
708.jpg;Int;0.9476719498634338;Airbus;0.5029966;A380;0.7723024
524.jpg;Int;0.9999957084655762;Airbus;0.9979342;A320;0.4347323
798.jpg;Int;0.9984111785888672;Airbus;0.7317251;A350;0.5543895
744.jpg;Int;0.6233477592468262;Airbus;0.97719496;A330;0.8046294
844.jpg;Int;0.9986989498138428;Boeing;0.84259975;777;0.99795794
51.jpg;Ext;0.7856646776199341;Airbus;;A330;0.19080304
704.jpg;Int;0.9749080538749695;Boeing;0.9943269;777;0.9827323
21.jpg;Int;0.9271619319915771;Airbus;0.91366804;A330;0.6351308
221.jpg;Int;0.9499719142913818;Airbus;0.81518936;A380;0.5054074
310.jpg;Int;0.30720773339271545;Airbus;0.70730907;A350;0.7741687
142.jpg;Int;0.9999942779541016;Airbus;0.96312654;A330;0.75237304
1045.jpg;Int;0.9714205861091614;Boeing;0.92773914;777;0.9244787
81.jpg;Int;0.9986974596977234;Airbus;0.6091035;A330;0.99345833
991.jpg;Int;0.9920663833618164;Boeing;0.8628516;737;0.75234187
743.jpg;Int;0.9943268895149231;Airbus;0.92973363;A330;0.8812186
862.jpg;Ext;0.8868367075920105;Airbus;;A380;0.2862636
918.jpg;Int;0.9703263640403748;Boeing;0.5011231;777;0.9963863
1004.jpg;Int;0.973645806312561;Boeing;0.98709726;777;0.9998672
111.jpg;Int;0.9997277855873108;Airbus;0.9212628;A330;0.82299477
53.jpg;Int;0.9499719142913818;Airbus;0.81518936;A380;0.5054074
401.jpg;Meal;0.5232250690460205;;;;
868.jpg;Int;0.9960843324661255;Boeing;0.9873362;777;0.9959847
714.jpg;Int;0.9960843324661255;Boeing;0.9873362;777;0.9959847
582.jpg;Int;0.9980068802833557;Boeing;0.8535095;777;0.9984932
717.jpg;Int;0.9976276755332947;Boeing;0.9284615;777;0.9305972
1040.jpg;Int;0.9925369620323181;Airbus;0.8064241;A330;0.48838517
818.jpg;Int;0.9997275471687317;Boeing;0.96743774;777;0.9976561
563.jpg;Int;0.9106131196022034;Boeing;0.718275;777;0.9885988
187.jpg;Int;0.9997277855873108;Airbus;0.9212628;A330;0.82299477
592.jpg;Int;0.9916784763336182;Boeing;0.8363791;777;0.97245795
189.jpg;Int;0.9987321496009827;Boeing;0.69442886;737;0.8143837
1062.jpg;Int;0.9768895506858826;Airbus;0.5037641;A330;0.49600804
407.jpg;Int;1.0;Boeing;0.54108506;777;0.9983584
1053.jpg;Int;0.9855356216430664;Airbus;0.7138982;A350;0.52547
1051.jpg;Int;0.9907985925674438;Boeing;0.7661902;777;0.7735109
828.jpg;Int;0.6233477592468262;Airbus;0.97719496;A330;0.8046294
1074.jpg;Ext;0.8868367075920105;Airbus;;A380;0.2862636
1106.jpg;Ext_Int;0.6370723247528076;;;;
534.jpg;Ext_Int;0.7406826615333557;;;;
611.jpg;Int;0.9292553067207336;Boeing;0.804076;777;0.3942131
166.jpg;Int;0.9845274686813354;Airbus;0.9392273;A350;0.5772048
231.jpg;Meal;0.5302719473838806;;;;
1046.jpg;Int;0.9695020914077759;Boeing;0.61319536;777;0.96979284
108.jpg;Meal;0.9860192537307739;;;;
682.jpg;Int;0.9947243332862854;Airbus;0.97517234;A320;0.94528157
1066.jpg;Int;0.9942084550857544;Airbus;0.9380881;A330;0.96984774
491.jpg;Int;0.998653769493103;Boeing;0.5548043;737;0.6886653
174.jpg;Int;0.9506937861442566;Airbus;0.97163063;A350;0.9068775
747.jpg;Int;0.9958622455596924;Boeing;0.99578494;777;0.86357075
699.jpg;Int;0.9691248536109924;Airbus;0.9264058;A350;0.62822855
1003.jpg;Int;0.9984111785888672;Airbus;0.7317251;A350;0.5543895
160.jpg;Int;0.9999707937240601;Airbus;0.55810803;A350;0.7617686
206.jpg;Int;1.0;Boeing;0.9716599;777;0.82484907
278.jpg;Ext;1.0;Airbus;;A321;0.1937481
283.jpg;Int;0.9993886947631836;Boeing;0.8565806;777;0.99969816
724.jpg;Ext;0.5454832911491394;Airbus;;A380;0.25688034
335.jpg;Int;0.9984424710273743;Airbus;0.85807467;A350;0.74439096
489.jpg;Int;1.0;Boeing;0.54108506;777;0.9983584
648.jpg;Ext;0.5454832911491394;Airbus;;A380;0.25688034
523.jpg;Int;0.9998413324356079;Boeing;0.9199001;777;0.965615
251.jpg;Ext;0.9772509932518005;Airbus;;A350;0.21904972
797.jpg;Int;0.9476719498634338;Airbus;0.5029966;A380;0.7723024
622.jpg;Int;0.9737765789031982;Airbus;0.6070512;A380;0.3894575
40.jpg;Meal;0.657548189163208;;;;
1056.jpg;Int;0.9986989498138428;Boeing;0.84259975;777;0.99795794
141.jpg;Int;0.9935775995254517;Boeing;0.7460891;777;0.9192669
1041.jpg;Int;0.7458553314208984;Airbus;0.8949947;A350;0.9954887
925.jpg;Int;0.9896877408027649;Boeing;0.82720065;737;0.6864907
254.jpg;Int;0.8767837285995483;Boeing;0.8851018;777;0.94937325
810.jpg;Int;0.9989758729934692;Boeing;0.7302778;777;0.9985423
503.jpg;Ext_Int;0.5220187306404114;;;;
14.jpg;Int;0.9895991086959839;Boeing;0.7598385;777;0.929535
329.jpg;Int;0.9945197701454163;Airbus;0.9972584;A350;0.8459536
428.jpg;Int;0.891139805316925;Airbus;0.8723146;A330;0.46032408
692.jpg;Int;0.39112788438796997;Boeing;0.76590234;737;0.9624475
180.jpg;Int;0.601732075214386;Boeing;0.96568996;737;0.8181842
494.jpg;Int;0.9991797804832458;Airbus;0.88807017;A320;0.47228006
535.jpg;Int;0.9055848121643066;Boeing;0.6860854;777;0.69163454
445.jpg;Int;0.9232065081596375;Boeing;0.8100563;777;0.8395794
800.jpg;Int;0.9972915053367615;Boeing;0.753634;777;0.999918
651.jpg;Int;0.979885995388031;Airbus;0.6410712;A380;0.95099276
726.jpg;Int;0.7157391309738159;Boeing;0.78263825;737;0.97734123
235.jpg;Int;0.9895991086959839;Boeing;0.7598385;777;0.929535
1092.jpg;Meal;0.6864468455314636;;;;
453.jpg;Int;0.9876512289047241;Boeing;0.9977315;777;0.9886729
432.jpg;Int;0.9985334873199463;Boeing;0.93943495;777;0.9758759
115.jpg;Int;0.9987321496009827;Boeing;0.69442886;737;0.8143837
20.jpg;Meal;0.42020872235298157;;;;
547.jpg;Int;0.9993385672569275;Boeing;0.60310787;757;0.4076111
848.jpg;Int;0.9676210880279541;Airbus;0.7695176;A320;0.53725696
514.jpg;Int;0.891139805316925;Airbus;0.8723146;A330;0.46032408
270.jpg;Ext_Int;0.9468724131584167;;;;
521.jpg;Int;0.9015207290649414;Airbus;0.9586173;A330;0.38577613
584.jpg;Int;0.9868054389953613;Boeing;0.87212783;777;0.98420805
1131.jpg;Int;0.39112788438796997;Boeing;0.76590234;737;0.9624475
343.jpg;Int;0.9985334873199463;Boeing;0.93943495;777;0.9758759
711.jpg;Int;0.9884477257728577;Airbus;0.63678384;A350;0.648157
454.jpg;Ext_Int;0.7406826615333557;;;;
357.jpg;Int;0.9720569252967834;Boeing;0.99906915;777;0.9999629
586.jpg;Int;0.9701288342475891;Boeing;0.90501153;777;0.49978378
292.jpg;Int;0.8767837285995483;Boeing;0.8851018;777;0.94937325
866.jpg;Int;0.973645806312561;Boeing;0.98709726;777;0.9998672
553.jpg;Int;1.0;Boeing;0.9716599;777;0.82484907
61.jpg;Int;0.9935775995254517;Boeing;0.7460891;777;0.9192669
705.jpg;Int;0.9912279844284058;Boeing;0.998475;777;0.9991295
581.jpg;Int;0.9015207290649414;Airbus;0.9586173;A330;0.38577613
392.jpg;Int;0.8604524731636047;Boeing;0.5654531;777;0.9612097
879.jpg;Int;0.9995324611663818;Boeing;0.57218724;777;0.9983329
561.jpg;Int;0.8912593722343445;Boeing;0.7023766;737;0.4613983
998.jpg;Int;0.9999557733535767;Boeing;0.9443639;737;0.87967694
1103.jpg;Int;0.7458553314208984;Airbus;0.8949947;A350;0.9954887
322.jpg;Int;0.9862866997718811;Airbus;0.51511115;A320;0.50361407
9.jpg;Int;0.5813218355178833;Boeing;0.70189667;737;0.96029586
633.jpg;Int;0.9984111785888672;Airbus;0.7317251;A350;0.5543895
566.jpg;Int;0.8515004515647888;Boeing;0.62806547;777;0.92003274
467.jpg;Int;0.987059473991394;Boeing;0.95477325;777;0.856621
543.jpg;Int;0.9161202311515808;Boeing;0.99283046;777;0.9441404
150.jpg;Int;0.9999823570251465;Boeing;0.9887995;777;0.9876837
1090.jpg;Meal;0.6247480511665344;;;;
71.jpg;Int;1.0;Boeing;0.9716599;777;0.82484907
1010.jpg;Int;0.9789597392082214;Boeing;0.8083525;777;0.900929
11.jpg;Ext;0.5088845491409302;Boeing;;747;0.26979724
771.jpg;Ext;0.5275141000747681;Airbus;;A380;0.37861386
746.jpg;Int;0.9807209968566895;Airbus;0.8544069;A330;0.49434927
183.jpg;Int;0.9862224459648132;Boeing;0.7520054;777;0.94404113
378.jpg;Int;0.987059473991394;Boeing;0.95477325;777;0.856621
1139.jpg;Int;0.8913261294364929;Boeing;0.86816484;737;0.98943055
933.jpg;Int;0.9929983615875244;Boeing;0.84529454;737;0.48489174
119.jpg;Ext;1.0;Boeing;;737;0.34703103
486.jpg;Int;0.9840588569641113;Airbus;0.9797649;A350;0.6177499
1121.jpg;Int;0.9947243332862854;Airbus;0.97517234;A320;0.94528157
1127.jpg;Int;0.9979149699211121;Airbus;0.64364874;A321;0.3374251
396.jpg;Int;0.9933739900588989;Airbus;0.98357624;A320;0.5225905
578.jpg;Int;0.8956465721130371;Boeing;0.99187356;747;0.4332742
610.jpg;Int;0.9768895506858826;Airbus;0.5037641;A330;0.49600804
1087.jpg;Int;0.975278913974762;Boeing;0.5260012;777;0.98614
182.jpg;Int;0.9862866997718811;Airbus;0.51511115;A320;0.50361407
570.jpg;Int;0.6233477592468262;Airbus;0.97719496;A330;0.8046294
989.jpg;Int;0.9292553067207336;Boeing;0.804076;777;0.3942131
383.jpg;Int;0.9556645154953003;Boeing;0.9238654;777;0.9953057
1118.jpg;Int;0.9781845211982727;Boeing;0.7741319;777;0.7484869
393.jpg;Int;0.9806400537490845;Airbus;0.9098775;A350;0.64879274
688.jpg;Int;0.9979149699211121;Airbus;0.64364874;A321;0.3374251
197.jpg;Ext;0.9772509932518005;Airbus;;A350;0.21904972
442.jpg;Int;0.9701288342475891;Boeing;0.90501153;777;0.49978378
10.jpg;Int;0.9999841451644897;Airbus;0.99339986;A330;0.85384136
1126.jpg;Int;0.9292553067207336;Boeing;0.804076;777;0.3942131
755.jpg;Int;0.9676210880279541;Airbus;0.7695176;A320;0.53725696
70.jpg;Int;0.9999823570251465;Boeing;0.9887995;777;0.9876837
117.jpg;Int;0.9945197701454163;Airbus;0.9972584;A350;0.8459536
100.jpg;Meal;0.42020872235298157;;;;
970.jpg;Int;0.8584239482879639;Airbus;0.87480366;A350;0.9970209
264.jpg;Ext_Int;0.9483010172843933;;;;
203.jpg;Int;0.9945197701454163;Airbus;0.9972584;A350;0.8459536
54.jpg;Ext;0.9772509932518005;Airbus;;A350;0.21904972
424.jpg;Int;0.9984424710273743;Airbus;0.85807467;A350;0.74439096
64.jpg;Int;0.9992578625679016;Boeing;0.9823124;777;0.56064
604.jpg;Int;0.987059473991394;Boeing;0.95477325;777;0.856621
672.jpg;Int;0.9958622455596924;Boeing;0.99578494;777;0.86357075
98.jpg;Int;0.9862224459648132;Boeing;0.7520054;777;0.94404113
249.jpg;Ext;0.7856646776199341;Airbus;;A330;0.19080304
919.jpg;Int;0.9781845211982727;Boeing;0.7741319;777;0.7484869
780.jpg;Int;0.9851699471473694;Boeing;0.733672;737;0.7396846
265.jpg;Meal;0.9302367568016052;;;;
282.jpg;Int;0.9264479279518127;Boeing;0.9975458;777;0.6056915
847.jpg;Int;0.9851699471473694;Boeing;0.733672;737;0.7396846
1.jpg;Int;0.9986974596977234;Airbus;0.6091035;A330;0.99345833
1012.jpg;Ext;0.42304861545562744;Boeing;;737;0.18292056
967.jpg;Ext_Int;0.6370723247528076;;;;
617.jpg;Int;0.9929983615875244;Boeing;0.84529454;737;0.48489174
829.jpg;Int;0.8840834498405457;Airbus;0.99894816;A330;0.9572136
374.jpg;Int;0.9978353381156921;Boeing;0.5939947;777;0.45011348
178.jpg;Ext;0.9969183206558228;Airbus;;A350;0.21039224
923.jpg;Int;0.9851699471473694;Boeing;0.733672;737;0.7396846
1049.jpg;Int;0.860607922077179;Airbus;0.86190015;A380;0.47683907
995.jpg;Int;0.9929983615875244;Boeing;0.84529454;737;0.48489174
1050.jpg;Int;0.9162578582763672;Airbus;0.75444955;A330;0.9133258
246.jpg;Meal;0.48345816135406494;;;;
512.jpg;Int;0.9958622455596924;Boeing;0.99578494;777;0.86357075
545.jpg;Int;0.987059473991394;Boeing;0.95477325;777;0.856621
616.jpg;Int;0.39112788438796997;Boeing;0.76590234;737;0.9624475
471.jpg;Int;0.9932464361190796;Airbus;0.54845965;A350;0.9468737
562.jpg;Int;0.9003661870956421;Boeing;0.93884254;777;0.99413526
330.jpg;Int;0.8767837285995483;Boeing;0.8851018;777;0.94937325
813.jpg;Int;0.7230902314186096;Airbus;0.9609185;A330;0.43402448
1015.jpg;Int;0.9989758729934692;Boeing;0.7302778;777;0.9985423
788.jpg;Int;0.9890879392623901;Boeing;0.640276;737;0.721683
423.jpg;Int;0.9751905798912048;Boeing;0.5200133;777;0.87706333
1034.jpg;Int;0.9986411929130554;Boeing;0.93192166;737;0.42783064
472.jpg;Int;0.9556645154953003;Boeing;0.9238654;777;0.9953057
638.jpg;Int;0.9960843324661255;Boeing;0.9873362;777;0.9959847
34.jpg;Ext;0.9945047497749329;Airbus;;A330;0.21515091
1060.jpg;Int;0.9676210880279541;Airbus;0.7695176;A320;0.53725696
1120.jpg;Int;0.9680458307266235;Boeing;0.88960475;777;0.9982765
762.jpg;Int;0.9965677261352539;Boeing;0.8009865;777;0.9826664
76.jpg;Ext;0.9480271935462952;Boeing;;757;0.26055288
635.jpg;Int;0.9884477257728577;Airbus;0.63678384;A350;0.648157
772.jpg;Int;0.6884852051734924;Airbus;0.9947856;A320;0.45349887
355.jpg;Int;0.6026380062103271;Airbus;0.6940058;A330;0.38657176
121.jpg;Int;0.9952214360237122;Boeing;0.91961527;747;0.45088258
439.jpg;Int;0.9999957084655762;Airbus;0.9979342;A320;0.4347323
459.jpg;Ext;0.9969162940979004;Airbus;;A350;0.20087011
640.jpg;Int;0.9937143921852112;Airbus;0.65853643;A320;0.5494627
609.jpg;Int;0.9896877408027649;Boeing;0.82720065;737;0.6864907
652.jpg;Int;0.9995324611663818;Boeing;0.57218724;777;0.9983329
1017.jpg;Int;0.9995324611663818;Boeing;0.57218724;777;0.9983329
655.jpg;Int;0.9111464023590088;Boeing;0.58356166;737;0.456092
982.jpg;Int;0.9986989498138428;Boeing;0.84259975;777;0.99795794
501.jpg;Int;0.9003661870956421;Boeing;0.93884254;777;0.99413526
450.jpg;Int;0.9949848651885986;Boeing;0.9328938;737;0.94071335
207.jpg;Ext;0.9969183206558228;Airbus;;A350;0.21039224
507.jpg;Int;0.6884852051734924;Airbus;0.9947856;A320;0.45349887
1135.jpg;Int;0.9999557733535767;Boeing;0.9443639;737;0.87967694
1019.jpg;Int;0.8913261294364929;Boeing;0.86816484;737;0.98943055
297.jpg;Int;0.9350179433822632;Boeing;0.59887344;737;0.49690822
781.jpg;Int;0.9676210880279541;Airbus;0.7695176;A320;0.53725696
882.jpg;Int;0.9111464023590088;Boeing;0.58356166;737;0.456092
46.jpg;Ext;0.9808355569839478;Airbus;;A380;0.31352738
433.jpg;Ext;0.6376205086708069;Boeing;;737;0.22650576
678.jpg;Int;0.6233477592468262;Airbus;0.97719496;A330;0.8046294
69.jpg;Int;0.9999021291732788;Boeing;0.7111334;777;0.94531745
419.jpg;Int;0.6233477592468262;Airbus;0.97719496;A330;0.8046294
371.jpg;Int;0.9994507431983948;Airbus;0.6607915;A330;0.5996444
613.jpg;Int;0.9920663833618164;Boeing;0.8628516;737;0.75234187
294.jpg;Int;0.998653769493103;Boeing;0.5548043;737;0.6886653
948.jpg;Int;0.9789597392082214;Boeing;0.8083525;777;0.900929
59.jpg;Int;0.9980376362800598;Boeing;0.8434183;777;0.9752303
490.jpg;Int;0.9996063113212585;Boeing;0.7271429;737;0.97329366
809.jpg;Ext;0.5454832911491394;Airbus;;A380;0.25688034
615.jpg;Int;0.9890879392623901;Boeing;0.640276;737;0.721683
241.jpg;Int;0.9979493021965027;Boeing;0.61335546;777;0.9898573
116.jpg;Int;0.9993886947631836;Boeing;0.8565806;777;0.99969816
1047.jpg;Int;0.8584239482879639;Airbus;0.87480366;A350;0.9970209
334.jpg;Int;0.9751905798912048;Boeing;0.5200133;777;0.87706333
623.jpg;Int;0.9691248536109924;Airbus;0.9264058;A350;0.62822855
766.jpg;Int;0.979885995388031;Airbus;0.6410712;A380;0.95099276
204.jpg;Ext;0.7856646776199341;Airbus;;A330;0.19080304
1016.jpg;Int;0.979885995388031;Airbus;0.6410712;A380;0.95099276
193.jpg;Ext;1.0;Boeing;;737;0.34703103
602.jpg;Int;0.9161202311515808;Boeing;0.99283046;777;0.9441404
873.jpg;Int;0.9115457534790039;Boeing;0.54562634;777;0.92186934
79.jpg;Int;0.998653769493103;Boeing;0.5548043;737;0.6886653
782.jpg;Int;0.9896877408027649;Boeing;0.82720065;737;0.6864907
276.jpg;Int;0.980933427810669;Airbus;0.77835774;A320;0.33181265
263.jpg;Int;0.590966522693634;Airbus;0.9572423;A350;0.9790405
460.jpg;Int;0.9994507431983948;Airbus;0.6607915;A330;0.5996444
920.jpg;Int;0.9986989498138428;Boeing;0.84259975;777;0.99795794
510.jpg;Int;0.8840834498405457;Airbus;0.99894816;A330;0.9572136
855.jpg;Int;0.9890879392623901;Boeing;0.640276;737;0.721683
1093.jpg;Int;0.998785674571991;Boeing;0.9160543;737;0.5008808
966.jpg;Int;0.7646310925483704;Airbus;0.87768817;A350;0.856997
122.jpg;Int;0.9989637136459351;Airbus;0.7166668;A320;0.52070975
363.jpg;Int;0.9916784763336182;Boeing;0.8363791;777;0.97245795
1021.jpg;Ext;0.9480271935462952;Boeing;;757;0.26055288
144.jpg;Int;0.9992578625679016;Boeing;0.9823124;777;0.56064
964.jpg;Int;0.7458553314208984;Airbus;0.8949947;A350;0.9954887
1091.jpg;Int;0.4993438422679901;Airbus;0.958593;A320;0.70345277
87.jpg;Ext;0.6849778294563293;Boeing;;747;0.3151183
152.jpg;Int;0.9685660004615784;Boeing;0.84850574;737;0.9625888
997.jpg;Int;0.9971988201141357;Boeing;0.79245895;777;0.9696445
277.jpg;Int;0.9862866997718811;Airbus;0.51511115;A320;0.50361407
484.jpg;Int;0.9892238974571228;Airbus;0.9195193;A320;0.937438
505.jpg;Int;0.8515004515647888;Boeing;0.62806547;777;0.92003274
0.jpg;Ext;0.6300806403160095;Airbus;;A321;0.12236868
364.jpg;Int;0.9876512289047241;Boeing;0.9977315;777;0.9886729
455.jpg;Int;0.9999265670776367;Airbus;0.64992434;A321;0.97233814
290.jpg;Int;0.9980644583702087;Boeing;0.5905891;777;0.9739785
398.jpg;Int;0.999929666519165;Boeing;0.56667006;777;0.9150679
12.jpg;Int;0.9998779296875;Airbus;0.5561925;A320;0.8904834
171.jpg;Int;0.9822196960449219;Airbus;0.5072294;A350;0.93233263
468.jpg;Int;0.998005211353302;Boeing;0.99906105;777;0.91838926
30.jpg;Int;0.9979493021965027;Boeing;0.61335546;777;0.9898573
895.jpg;Int;0.998653769493103;Boeing;0.5548043;737;0.6886653
498.jpg;Int;0.8014629483222961;Boeing;0.6440932;777;0.95488334
917.jpg;Int;0.9855356216430664;Airbus;0.7138982;A350;0.52547
568.jpg;Int;0.6884852051734924;Airbus;0.9947856;A320;0.45349887
190.jpg;Int;0.9993886947631836;Boeing;0.8565806;777;0.99969816
431.jpg;Int;0.8956465721130371;Boeing;0.99187356;747;0.4332742
974.jpg;Int;0.860607922077179;Airbus;0.86190015;A380;0.47683907
884.jpg;Int;0.8014629483222961;Boeing;0.6440932;777;0.95488334
897.jpg;Int;0.9162578582763672;Airbus;0.75444955;A330;0.9133258
104.jpg;Int;0.9995515942573547;Airbus;0.8537706;A330;0.9357126
931.jpg;Int;0.9890879392623901;Boeing;0.640276;737;0.721683
805.jpg;Int;0.9789597392082214;Boeing;0.8083525;777;0.900929
971.jpg;Int;0.8913261294364929;Boeing;0.86816484;737;0.98943055
362.jpg;Int;0.9725167751312256;Boeing;0.9774329;737;0.9389645
266.jpg;Int;0.9852693676948547;Airbus;0.5857971;A380;0.9892286
175.jpg;Int;0.7279296517372131;Airbus;0.9850884;A350;0.8799926
642.jpg;Int;0.9789597392082214;Boeing;0.8083525;777;0.900929
1000.jpg;Ext;0.8868367075920105;Airbus;;A380;0.2862636
1080.jpg;Int;0.978181779384613;Boeing;0.72240347;777;0.8939971
856.jpg;Int;0.39112788438796997;Boeing;0.76590234;737;0.9624475
596.jpg;Ext;0.9510332942008972;Airbus;;A321;0.22836591
77.jpg;Int;0.9200667142868042;Airbus;0.8870725;A320;0.5409049
646.jpg;Ext;0.42304861545562744;Boeing;;737;0.18292056
835.jpg;Int;0.8767837285995483;Boeing;0.8851018;777;0.94937325
306.jpg;Int;0.99657142162323;Boeing;0.58949554;737;0.68993324
289.jpg;Ext;0.924412190914154;Boeing;;777;0.25514263
443.jpg;Int;0.9572734236717224;Boeing;0.98185515;777;0.93349874
447.jpg;Int;0.9649708271026611;Airbus;0.6162164;A380;0.89049506
843.jpg;Int;0.9781845211982727;Boeing;0.7741319;777;0.7484869
332.jpg;Int;0.9998570680618286;Boeing;0.9595049;777;0.99465466
761.jpg;Int;0.9984111785888672;Airbus;0.7317251;A350;0.5543895
114.jpg;Ext;0.9945047497749329;Airbus;;A330;0.21515091
934.jpg;Int;0.6389783620834351;Boeing;0.6197155;777;0.99708277
901.jpg;Meal;0.4204520583152771;;;;
706.jpg;Int;0.9937521815299988;Boeing;0.8457568;777;0.99554515
560.jpg;Int;0.9997275471687317;Boeing;0.96743774;777;0.9976561
942.jpg;Int;0.973645806312561;Boeing;0.98709726;777;0.9998672
785.jpg;Int;0.9979149699211121;Airbus;0.64364874;A321;0.3374251
500.jpg;Int;0.8912593722343445;Boeing;0.7023766;737;0.4613983
58.jpg;Int;0.9996460676193237;Boeing;0.88312685;777;0.8206768
979.jpg;Int;0.9855356216430664;Airbus;0.7138982;A350;0.52547
597.jpg;Int;0.9992081522941589;Boeing;0.69875383;777;0.9741985
260.jpg;Int;0.9999691247940063;Boeing;0.9830036;737;0.98132735
352.jpg;Int;0.930648922920227;Airbus;0.888337;A320;0.573185
441.jpg;Int;0.930648922920227;Airbus;0.888337;A320;0.573185
222.jpg;Ext;0.9772509932518005;Airbus;;A350;0.21904972
833.jpg;Int;0.6233477592468262;Airbus;0.97719496;A330;0.8046294
348.jpg;Int;0.9998413324356079;Boeing;0.9199001;777;0.965615
1068.jpg;Int;0.39112788438796997;Boeing;0.76590234;737;0.9624475
694.jpg;Int;0.6389783620834351;Boeing;0.6197155;777;0.99708277
157.jpg;Int;0.8767837285995483;Boeing;0.8851018;777;0.94937325
1031.jpg;Ext;0.978094756603241;Airbus;;A350;0.5094257
845.jpg;Int;0.9680458307266235;Boeing;0.88960475;777;0.9982765
947.jpg;Int;0.9976276755332947;Boeing;0.9284615;777;0.9305972
969.jpg;Int;0.9695020914077759;Boeing;0.61319536;777;0.96979284
382.jpg;Int;0.9932464361190796;Airbus;0.54845965;A350;0.9468737
996.jpg;Int;0.6389783620834351;Boeing;0.6197155;777;0.99708277
110.jpg;Int;0.9979493021965027;Boeing;0.61335546;777;0.9898573
210.jpg;Int;0.980933427810669;Airbus;0.77835774;A320;0.33181265
4.jpg;Int;0.9998722076416016;Airbus;0.9245755;A330;0.93671185
765.jpg;Ext;0.5454832911491394;Airbus;;A380;0.25688034
220.jpg;Ext;0.7856646776199341;Airbus;;A330;0.19080304
861.jpg;Int;0.948394238948822;Airbus;0.5921116;A380;0.7395233
583.jpg;Int;0.9998413324356079;Boeing;0.9199001;777;0.965615
525.jpg;Int;0.9868054389953613;Boeing;0.87212783;777;0.98420805
987.jpg;Int;0.9896877408027649;Boeing;0.82720065;737;0.6864907
827.jpg;Int;0.9943268895149231;Airbus;0.92973363;A330;0.8812186
211.jpg;Int;0.9862866997718811;Airbus;0.51511115;A320;0.50361407
291.jpg;Int;0.9999474287033081;Boeing;0.5979894;737;0.5462372
126.jpg;Ext;0.9808355569839478;Airbus;;A380;0.31352738
162.jpg;Int;0.8944754600524902;Airbus;0.99225813;A320;0.58921564
1125.jpg;Int;0.9768895506858826;Airbus;0.5037641;A330;0.49600804
23.jpg;Int;0.9840794205665588;Boeing;0.5641718;777;0.9420757
224.jpg;Int;0.9921025633811951;Airbus;0.91559136;A320;0.7124414
26.jpg;Ext;1.0;Airbus;;A321;0.1937481
1007.jpg;Int;0.9965677261352539;Boeing;0.8009865;777;0.9826664
888.jpg;Int;0.9106131196022034;Boeing;0.718275;777;0.9885988
713.jpg;Int;0.9972915053367615;Boeing;0.753634;777;0.999918
274.jpg;Int;0.9895991086959839;Boeing;0.7598385;777;0.929535
730.jpg;Meal;0.3686220049858093;;;;
456.jpg;Int;0.9055848121643066;Boeing;0.6860854;777;0.69163454
789.jpg;Int;0.39112788438796997;Boeing;0.76590234;737;0.9624475
569.jpg;Int;0.9943268895149231;Airbus;0.92973363;A330;0.8812186
912.jpg;Int;0.9998503923416138;Airbus;0.68441725;A350;0.93582064
911.jpg;Int;0.9968932867050171;Airbus;0.99730057;A350;0.8870256
416.jpg;Ext;0.5275141000747681;Airbus;;A380;0.37861386
247.jpg;Ext_Int;0.997183620929718;;;;
854.jpg;Int;0.9942084550857544;Airbus;0.9380881;A330;0.96984774
885.jpg;Int;0.9997275471687317;Boeing;0.96743774;777;0.9976561
754.jpg;Int;0.9947243332862854;Airbus;0.97517234;A320;0.94528157
674.jpg;Int;0.891139805316925;Airbus;0.8723146;A330;0.46032408
792.jpg;Int;0.9971988201141357;Boeing;0.79245895;777;0.9696445
821.jpg;Int;0.9106131196022034;Boeing;0.718275;777;0.9885988
986.jpg;Int;0.9676210880279541;Airbus;0.7695176;A320;0.53725696
43.jpg;Int;0.9999974966049194;Airbus;0.7808034;A330;0.50415015
37.jpg;Int;0.9945197701454163;Airbus;0.9972584;A350;0.8459536
1070.jpg;Int;0.6389783620834351;Boeing;0.6197155;777;0.99708277
913.jpg;Int;0.860607922077179;Airbus;0.86190015;A380;0.47683907
65.jpg;Int;0.990203857421875;Boeing;0.62601596;737;0.5314479
339.jpg;Int;0.891139805316925;Airbus;0.8723146;A330;0.46032408
56.jpg;Ext;1.0;Airbus;;A380;0.306801
824.jpg;Int;0.8515004515647888;Boeing;0.62806547;777;0.92003274
86.jpg;Int;0.9420058131217957;Boeing;0.9480773;777;0.9993424
338.jpg;Int;0.9992965459823608;Airbus;0.9771139;A350;0.97674733
213.jpg;Int;0.9979493021965027;Boeing;0.61335546;777;0.9898573
684.jpg;Int;0.9676210880279541;Airbus;0.7695176;A320;0.53725696
660.jpg;Int;0.8912593722343445;Boeing;0.7023766;737;0.4613983
1097.jpg;Int;0.9985257983207703;Boeing;0.5772501;777;0.99725
379.jpg;Int;0.998005211353302;Boeing;0.99906105;777;0.91838926
1094.jpg;Int;0.997105062007904;Boeing;0.9182411;777;0.99437827
1055.jpg;Int;0.9781845211982727;Boeing;0.7741319;777;0.7484869
17.jpg;Int;0.9862866997718811;Airbus;0.51511115;A320;0.50361407
749.jpg;Int;0.891139805316925;Airbus;0.8723146;A330;0.46032408
228.jpg;Int;0.8767837285995483;Boeing;0.8851018;777;0.94937325
950.jpg;Ext;0.42304861545562744;Boeing;;737;0.18292056
1122.jpg;Int;0.9851699471473694;Boeing;0.733672;737;0.7396846
479.jpg;Int;0.9916024804115295;Boeing;0.7267404;777;0.9983917
437.jpg;Int;0.9998413324356079;Boeing;0.9199001;777;0.965615
817.jpg;Int;0.8014629483222961;Boeing;0.6440932;777;0.95488334
255.jpg;Int;0.8172280192375183;Airbus;0.5423563;A320;0.35064003
205.jpg;Int;0.9999707937240601;Airbus;0.55810803;A350;0.7617686
1001.jpg;Int;0.9937521815299988;Boeing;0.8457568;777;0.99554515
1113.jpg;Int;0.9162578582763672;Airbus;0.75444955;A330;0.9133258
893.jpg;Int;0.6884852051734924;Airbus;0.9947856;A320;0.45349887
230.jpg;Int;0.998653769493103;Boeing;0.5548043;737;0.6886653
876.jpg;Ext;0.5454832911491394;Airbus;;A380;0.25688034
759.jpg;Int;0.9929983615875244;Boeing;0.84529454;737;0.48489174
280.jpg;Int;0.9979493021965027;Boeing;0.61335546;777;0.9898573
1099.jpg;Int;0.9986411929130554;Boeing;0.93192166;737;0.42783064
476.jpg;Int;0.7938838601112366;Boeing;0.5195457;737;0.95735556
1061.jpg;Int;0.9896877408027649;Boeing;0.82720065;737;0.6864907
955.jpg;Int;0.9995324611663818;Boeing;0.57218724;777;0.9983329
74.jpg;Int;0.9998949766159058;Airbus;0.7130516;A320;0.91966856
72.jpg;Ext;0.8042576909065247;Boeing;;757;0.26417956
328.jpg;Int;0.9993886947631836;Boeing;0.8565806;777;0.99969816
973.jpg;Int;0.9998503923416138;Airbus;0.68441725;A350;0.93582064
311.jpg;Int;0.590966522693634;Airbus;0.9572423;A350;0.9790405
663.jpg;Ext_Int;0.5220187306404114;;;;
499.jpg;Int;0.9997275471687317;Boeing;0.96743774;777;0.9976561
707.jpg;Int;0.9991932511329651;Boeing;0.79854435;777;0.5500509
972.jpg;Int;0.9968932867050171;Airbus;0.99730057;A350;0.8870256
664.jpg;Int;0.9890811443328857;Airbus;0.6040631;A330;0.44578043
649.jpg;Int;0.9989758729934692;Boeing;0.7302778;777;0.9985423
1030.jpg;Int;0.8972765803337097;Boeing;0.68419886;777;0.75184804
767.jpg;Int;0.9111464023590088;Boeing;0.58356166;737;0.456092
637.jpg;Int;0.9972915053367615;Boeing;0.753634;777;0.999918
319.jpg;Int;0.9895991086959839;Boeing;0.7598385;777;0.929535
659.jpg;Int;0.9997275471687317;Boeing;0.96743774;777;0.9976561
135.jpg;Int;0.9959237575531006;Boeing;0.9798283;777;0.9210495
1064.jpg;Int;0.9979149699211121;Airbus;0.64364874;A321;0.3374251
802.jpg;Int;0.9965677261352539;Boeing;0.8009865;777;0.9826664
215.jpg;Int;0.9264479279518127;Boeing;0.9975458;777;0.6056915
814.jpg;Meal;0.3686220049858093;;;;
783.jpg;Int;0.9768895506858826;Airbus;0.5037641;A330;0.49600804
899.jpg;Int;0.8895752429962158;Boeing;0.9264408;737;0.9891249
832.jpg;Int;0.9751905798912048;Boeing;0.5200133;777;0.87706333
544.jpg;Int;0.9972033500671387;Boeing;0.9992405;777;0.8576912
820.jpg;Int;0.9003661870956421;Boeing;0.93884254;777;0.99413526
50.jpg;Int;0.9980644583702087;Boeing;0.5905891;777;0.9739785
1084.jpg;Int;0.9419226050376892;Airbus;0.86330616;A380;0.92328763
777.jpg;Int;0.9986989498138428;Boeing;0.84259975;777;0.99795794
554.jpg;Int;0.9995324611663818;Boeing;0.57218724;777;0.9983329
557.jpg;Int;0.9111464023590088;Boeing;0.58356166;737;0.456092
201.jpg;Int;0.8767837285995483;Boeing;0.8851018;777;0.94937325
681.jpg;Int;0.9200667142868042;Airbus;0.8870725;A320;0.5409049
823.jpg;Int;0.9890811443328857;Airbus;0.6040631;A330;0.44578043
606.jpg;Int;0.9993385672569275;Boeing;0.60310787;757;0.4076111
93.jpg;Ext;0.9969183206558228;Airbus;;A350;0.21039224
1013.jpg;Int;0.9993357062339783;Airbus;0.9171202;A330;0.91048235
784.jpg;Int;0.9292553067207336;Boeing;0.804076;777;0.3942131
435.jpg;Int;0.9015207290649414;Airbus;0.9586173;A330;0.38577613
953.jpg;Int;0.9989758729934692;Boeing;0.7302778;777;0.9985423
1129.jpg;Int;0.9942084550857544;Airbus;0.9380881;A330;0.96984774
716.jpg;Int;0.9937143921852112;Airbus;0.65853643;A320;0.5494627
902.jpg;Int;0.9925369620323181;Airbus;0.8064241;A330;0.48838517
909.jpg;Int;0.8584239482879639;Airbus;0.87480366;A350;0.9970209
143.jpg;Int;0.990203857421875;Boeing;0.62601596;737;0.5314479
408.jpg;Int;0.998653769493103;Boeing;0.5548043;737;0.6886653
256.jpg;Meal;0.5866895318031311;;;;
858.jpg;Int;0.6389783620834351;Boeing;0.6197155;777;0.99708277
409.jpg;Int;0.9996063113212585;Boeing;0.7271429;737;0.97329366
625.jpg;Int;0.9569198489189148;Airbus;0.98968875;A350;0.94528484
689.jpg;Int;0.9920663833618164;Boeing;0.8628516;737;0.75234187
342.jpg;Int;0.8956465721130371;Boeing;0.99187356;747;0.4332742
412.jpg;Int;1.0;Boeing;0.9716599;777;0.82484907
473.jpg;Int;0.9950336217880249;Airbus;0.97527134;A350;0.97002923
226.jpg;Int;0.9943337440490723;Airbus;0.64152205;A320;0.45828995
658.jpg;Int;0.8014629483222961;Boeing;0.6440932;777;0.95488334
27.jpg;Ext;0.9480271935462952;Boeing;;757;0.26055288
914.jpg;Int;0.9162578582763672;Airbus;0.75444955;A330;0.9133258
994.jpg;Int;0.39112788438796997;Boeing;0.76590234;737;0.9624475
1063.jpg;Int;0.9292553067207336;Boeing;0.804076;777;0.3942131
361.jpg;Int;0.9949848651885986;Boeing;0.9328938;737;0.94071335
248.jpg;Ext;0.924412190914154;Boeing;;777;0.25514263
932.jpg;Int;0.39112788438796997;Boeing;0.76590234;737;0.9624475
1033.jpg;Int;0.9650040864944458;Airbus;0.7158789;A320;0.3647808
1035.jpg;Int;0.8684254884719849;Boeing;0.5421763;737;0.99177986
2.jpg;Int;0.9999954700469971;Boeing;0.8532497;777;0.974008
796.jpg;Int;0.9937521815299988;Boeing;0.8457568;777;0.99554515
927.jpg;Int;0.9292553067207336;Boeing;0.804076;777;0.3942131
365.jpg;Ext_Int;0.7406826615333557;;;;
924.jpg;Int;0.9676210880279541;Airbus;0.7695176;A320;0.53725696
851.jpg;Int;0.9292553067207336;Boeing;0.804076;777;0.3942131
257.jpg;Int;0.8543765544891357;Airbus;0.78753906;A320;0.599899
24.jpg;Int;0.9995515942573547;Airbus;0.8537706;A330;0.9357126
1032.jpg;Int;0.9985257983207703;Boeing;0.5772501;777;0.99725
894.jpg;Int;0.6233477592468262;Airbus;0.97719496;A330;0.8046294
532.jpg;Int;0.9916784763336182;Boeing;0.8363791;777;0.97245795
33.jpg;Int;0.9264479279518127;Boeing;0.9975458;777;0.6056915
147.jpg;Ext;0.7483469247817993;Boeing;;757;0.17829268
163.jpg;Meal;0.5302719473838806;;;;
1096.jpg;Int;0.8972765803337097;Boeing;0.68419886;777;0.75184804
118.jpg;Ext;0.559609055519104;Boeing;;747;0.2595038
35.jpg;Int;0.9987321496009827;Boeing;0.69442886;737;0.8143837
219.jpg;Ext;0.924412190914154;Boeing;;777;0.25514263
1078.jpg;Int;0.973645806312561;Boeing;0.98709726;777;0.9998672
173.jpg;Meal;0.5302719473838806;;;;
921.jpg;Int;0.9680458307266235;Boeing;0.88960475;777;0.9982765
272.jpg;Int;1.0;Boeing;0.9716599;777;0.82484907
548.jpg;Int;0.43495452404022217;Boeing;0.852143;737;0.9232002
733.jpg;Int;0.8014629483222961;Boeing;0.6440932;777;0.95488334
727.jpg;Int;0.979885995388031;Airbus;0.6410712;A380;0.95099276
19.jpg;Meal;0.5841361880302429;;;;
945.jpg;Int;0.9965677261352539;Boeing;0.8009865;777;0.9826664
631.jpg;Int;0.9991932511329651;Boeing;0.79854435;777;0.5500509
395.jpg;Int;0.9892238974571228;Airbus;0.9195193;A320;0.937438
764.jpg;Ext;0.42304861545562744;Boeing;;737;0.18292056
167.jpg;Int;0.9895991086959839;Boeing;0.7598385;777;0.929535
599.jpg;Int;0.9989043474197388;Airbus;0.8617069;A320;0.92400074
78.jpg;Int;0.9991797804832458;Airbus;0.88807017;A320;0.47228006
1102.jpg;Int;0.9925369620323181;Airbus;0.8064241;A330;0.48838517
1011.jpg;Int;0.9115457534790039;Boeing;0.54562634;777;0.92186934
1108.jpg;Int;0.9695020914077759;Boeing;0.61319536;777;0.96979284
66.jpg;Int;0.9428554773330688;Boeing;0.7751296;777;0.99911505
513.jpg;Int;0.9751905798912048;Boeing;0.5200133;777;0.87706333
317.jpg;Int;0.9420058131217957;Boeing;0.9480773;777;0.9993424
106.jpg;Ext;1.0;Airbus;;A321;0.1937481
1029.jpg;Ext_Int;0.4953583776950836;;;;
629.jpg;Int;0.9912279844284058;Boeing;0.998475;777;0.9991295
900.jpg;Int;0.886191189289093;Airbus;0.658605;A321;0.55470026
458.jpg;Int;0.9992081522941589;Boeing;0.69875383;777;0.9741985
859.jpg;Int;0.9971988201141357;Boeing;0.79245895;777;0.9696445
60.jpg;Ext;0.9997983574867249;Airbus;;A350;0.4405284
90.jpg;Int;0.9999841451644897;Airbus;0.99339986;A330;0.85384136
449.jpg;Int;0.8897057771682739;Airbus;0.66892016;A380;0.6587561
752.jpg;Int;0.998653769493103;Boeing;0.5548043;737;0.6886653
985.jpg;Int;0.9851699471473694;Boeing;0.733672;737;0.7396846
88.jpg;Int;1.0;Boeing;0.9716599;777;0.82484907
415.jpg;Int;0.8515004515647888;Boeing;0.62806547;777;0.92003274
155.jpg;Ext;0.9480271935462952;Boeing;;757;0.26055288
6.jpg;Int;0.9420058131217957;Boeing;0.9480773;777;0.9993424
916.jpg;Int;0.999934196472168;Airbus;0.82545084;A321;0.4774515
112.jpg;Ext;0.5838528275489807;Airbus;;A350;0.34640062
815.jpg;Int;0.9111464023590088;Boeing;0.58356166;737;0.456092
29.jpg;Int;0.9611578583717346;Airbus;0.91797644;A320;0.609258
475.jpg;Int;0.9931301474571228;Airbus;0.84042144;A380;0.7296588
195.jpg;Ext;0.7856646776199341;Airbus;;A330;0.19080304
960.jpg;Int;0.8895752429962158;Boeing;0.9264408;737;0.9891249
236.jpg;Int;0.601732075214386;Boeing;0.96568996;737;0.8181842
627.jpg;Ext;0.8868367075920105;Airbus;;A380;0.2862636
728.jpg;Int;0.9995324611663818;Boeing;0.57218724;777;0.9983329
463.jpg;Int;0.9978353381156921;Boeing;0.5939947;777;0.45011348
214.jpg;Int;0.9997277855873108;Airbus;0.9212628;A330;0.82299477
375.jpg;Int;0.9992260932922363;Airbus;0.6391748;A330;0.54884994
1067.jpg;Int;0.9890879392623901;Boeing;0.640276;737;0.721683
670.jpg;Int;0.8840834498405457;Airbus;0.99894816;A330;0.9572136
422.jpg;Int;0.9958622455596924;Boeing;0.99578494;777;0.86357075
949.jpg;Int;0.9115457534790039;Boeing;0.54562634;777;0.92186934
137.jpg;Int;0.9991797804832458;Airbus;0.88807017;A320;0.47228006
388.jpg;Int;0.999880313873291;Boeing;0.5261825;737;0.9953074
41.jpg;Int;0.9952214360237122;Boeing;0.91961527;747;0.45088258
981.jpg;Int;0.9781845211982727;Boeing;0.7741319;777;0.7484869
1142.jpg;Ext;0.9480271935462952;Boeing;;757;0.26055288
787.jpg;Int;0.9942084550857544;Airbus;0.9380881;A330;0.96984774
1065.jpg;Int;0.9920663833618164;Boeing;0.8628516;737;0.75234187
564.jpg;Ext_Int;0.5220187306404114;;;;
595.jpg;Int;0.9055848121643066;Boeing;0.6860854;777;0.69163454
941.jpg;Int;0.9984111785888672;Airbus;0.7317251;A350;0.5543895
414.jpg;Int;0.9890811443328857;Airbus;0.6040631;A330;0.44578043
662.jpg;Int;0.9106131196022034;Boeing;0.718275;777;0.9885988
709.jpg;Int;0.9984111785888672;Airbus;0.7317251;A350;0.5543895
887.jpg;Int;0.9003661870956421;Boeing;0.93884254;777;0.99413526
1134.jpg;Int;0.9971988201141357;Boeing;0.79245895;777;0.9696445
603.jpg;Int;0.9972033500671387;Boeing;0.9992405;777;0.8576912
314.jpg;Int;0.8944754600524902;Airbus;0.99225813;A320;0.58921564
574.jpg;Int;0.9751905798912048;Boeing;0.5200133;777;0.87706333
870.jpg;Int;0.9937143921852112;Airbus;0.65853643;A320;0.5494627
732.jpg;Meal;0.9670781493186951;;;;
1054.jpg;Int;0.9703263640403748;Boeing;0.5011231;777;0.9963863
865.jpg;Int;0.9984111785888672;Airbus;0.7317251;A350;0.5543895
679.jpg;Int;0.998653769493103;Boeing;0.5548043;737;0.6886653
598.jpg;Int;0.9994507431983948;Airbus;0.6607915;A330;0.5996444
125.jpg;Int;0.9801108241081238;Boeing;0.9418519;777;0.9941333
877.jpg;Int;0.9989758729934692;Boeing;0.7302778;777;0.9985423
831.jpg;Int;0.9958622455596924;Boeing;0.99578494;777;0.86357075
1075.jpg;Int;0.9937521815299988;Boeing;0.8457568;777;0.99554515
811.jpg;Int;0.979885995388031;Airbus;0.6410712;A380;0.95099276
758.jpg;Int;0.9920663833618164;Boeing;0.8628516;737;0.75234187
369.jpg;Int;0.9992081522941589;Boeing;0.69875383;777;0.9741985
151.jpg;Int;1.0;Boeing;0.54108506;777;0.9983584
94.jpg;Int;0.9895991086959839;Boeing;0.7598385;777;0.929535
1052.jpg;Int;0.999934196472168;Airbus;0.82545084;A321;0.4774515
573.jpg;Int;0.9958622455596924;Boeing;0.99578494;777;0.86357075
1059.jpg;Int;0.9851699471473694;Boeing;0.733672;737;0.7396846
954.jpg;Int;0.979885995388031;Airbus;0.6410712;A380;0.95099276
380.jpg;Int;0.9993385672569275;Boeing;0.60310787;757;0.4076111
552.jpg;Int;0.8767837285995483;Boeing;0.8851018;777;0.94937325
644.jpg;Int;0.9115457534790039;Boeing;0.54562634;777;0.92186934
129.jpg;Ext;0.9996323585510254;Boeing;;777;0.17916578
756.jpg;Int;0.9896877408027649;Boeing;0.82720065;737;0.6864907
466.jpg;Int;0.9972033500671387;Boeing;0.9992405;777;0.8576912
237.jpg;Int;0.980933427810669;Airbus;0.77835774;A320;0.33181265
457.jpg;Ext;0.9510332942008972;Airbus;;A321;0.22836591
25.jpg;Ext;0.9990938901901245;Airbus;;A380;0.27501678
131.jpg;Ext;0.7856646776199341;Airbus;;A330;0.19080304
673.jpg;Int;0.9751905798912048;Boeing;0.5200133;777;0.87706333
188.jpg;Int;0.9264479279518127;Boeing;0.9975458;777;0.6056915
38.jpg;Ext;0.559609055519104;Boeing;;747;0.2595038
871.jpg;Int;0.9976276755332947;Boeing;0.9284615;777;0.9305972
915.jpg;Int;0.9907985925674438;Boeing;0.7661902;777;0.7735109
421.jpg;Int;0.9807209968566895;Airbus;0.8544069;A330;0.49434927
1088.jpg;Int;0.9684929847717285;Boeing;0.95479834;777;0.9946971
984.jpg;Int;0.9947243332862854;Airbus;0.97517234;A320;0.94528157
1044.jpg;Ext_Int;0.6370723247528076;;;;
816.jpg;Meal;0.9670781493186951;;;;
480.jpg;Int;0.9660712480545044;Airbus;0.56062216;A350;0.9000584
430.jpg;Int;0.9705609679222107;Airbus;0.8804134;A330;0.6125357
905.jpg;Int;0.7646310925483704;Airbus;0.87768817;A350;0.856997
1114.jpg;Int;0.9907985925674438;Boeing;0.7661902;777;0.7735109
331.jpg;Int;0.998653769493103;Boeing;0.5548043;737;0.6886653
333.jpg;Int;0.9958622455596924;Boeing;0.99578494;777;0.86357075
1027.jpg;Int;0.998013973236084;Boeing;0.99275726;777;0.97069764
795.jpg;Ext;0.8868367075920105;Airbus;;A380;0.2862636
145.jpg;Int;0.990203857421875;Boeing;0.62601596;737;0.5314479
96.jpg;Int;0.980933427810669;Airbus;0.77835774;A320;0.33181265
140.jpg;Ext;0.9997983574867249;Airbus;;A350;0.4405284
528.jpg;Int;0.9572734236717224;Boeing;0.98185515;777;0.93349874
587.jpg;Int;0.9572734236717224;Boeing;0.98185515;777;0.93349874
269.jpg;Int;0.9999954700469971;Boeing;0.8532497;777;0.974008
963.jpg;Int;0.9925369620323181;Airbus;0.8064241;A330;0.48838517
677.jpg;Int;0.9721206426620483;Airbus;0.86701196;A350;0.57034606
303.jpg;Int;0.8172280192375183;Airbus;0.5423563;A320;0.35064003
245.jpg;Int;0.9945197701454163;Airbus;0.9972584;A350;0.8459536
1038.jpg;Int;0.886191189289093;Airbus;0.658605;A321;0.55470026
666.jpg;Ext;0.5275141000747681;Airbus;;A380;0.37861386
16.jpg;Int;0.980933427810669;Airbus;0.77835774;A320;0.33181265
281.jpg;Int;0.9997277855873108;Airbus;0.9212628;A330;0.82299477
849.jpg;Int;0.9896877408027649;Boeing;0.82720065;737;0.6864907
719.jpg;Int;0.9721206426620483;Airbus;0.86701196;A350;0.57034606
639.jpg;Int;0.9965677261352539;Boeing;0.8009865;777;0.9826664
148.jpg;Int;0.9999997615814209;Boeing;0.9950976;777;0.87161696
502.jpg;Int;0.9106131196022034;Boeing;0.718275;777;0.9885988
350.jpg;Int;0.9999957084655762;Airbus;0.9979342;A320;0.4347323
83.jpg;Ext_Int;0.9468724131584167;;;;
935.jpg;Int;0.9971988201141357;Boeing;0.79245895;777;0.9696445
837.jpg;Int;0.9162578582763672;Airbus;0.75444955;A330;0.9133258
536.jpg;Ext;0.9510332942008972;Airbus;;A321;0.22836591
218.jpg;Int;0.9801108241081238;Boeing;0.9418519;777;0.9941333
1058.jpg;Int;0.9947243332862854;Airbus;0.97517234;A320;0.94528157
542.jpg;Int;0.9978353381156921;Boeing;0.5939947;777;0.45011348
567.jpg;Ext;0.5275141000747681;Airbus;;A380;0.37861386
612.jpg;Int;0.9979149699211121;Airbus;0.64364874;A321;0.3374251
485.jpg;Int;0.9933739900588989;Airbus;0.98357624;A320;0.5225905
946.jpg;Int;0.9937143921852112;Airbus;0.65853643;A320;0.5494627
753.jpg;Int;0.8767837285995483;Boeing;0.8851018;777;0.94937325
872.jpg;Int;0.9789597392082214;Boeing;0.8083525;777;0.900929
28.jpg;Meal;0.9860192537307739;;;;
373.jpg;Int;0.9898205995559692;Airbus;0.71397805;A330;0.54621935
384.jpg;Int;0.9950336217880249;Airbus;0.97527134;A350;0.97002923
739.jpg;Int;0.9890811443328857;Airbus;0.6040631;A330;0.44578043
1043.jpg;Int;0.7646310925483704;Airbus;0.87768817;A350;0.856997
240.jpg;Meal;0.9860192537307739;;;;
1025.jpg;Int;0.998785674571991;Boeing;0.9160543;737;0.5008808
326.jpg;Int;0.9997277855873108;Airbus;0.9212628;A330;0.82299477
101.jpg;Int;0.9271619319915771;Airbus;0.91366804;A330;0.6351308
657.jpg;Int;0.9876070618629456;Airbus;0.73404044;A320;0.8575435
834.jpg;Int;0.998653769493103;Boeing;0.5548043;737;0.6886653
736.jpg;Int;0.9003661870956421;Boeing;0.93884254;777;0.99413526
1037.jpg;Int;0.9966429471969604;Airbus;0.5681441;A320;0.6941766
601.jpg;Int;0.9978353381156921;Boeing;0.5939947;777;0.45011348
957.jpg;Int;0.8913261294364929;Boeing;0.86816484;737;0.98943055
158.jpg;Int;0.9943337440490723;Airbus;0.64152205;A320;0.45828995
68.jpg;Int;0.9999997615814209;Boeing;0.9950976;777;0.87161696
751.jpg;Int;0.6233477592468262;Airbus;0.97719496;A330;0.8046294
32.jpg;Ext;0.5838528275489807;Airbus;;A350;0.34640062
495.jpg;Int;0.9111464023590088;Boeing;0.58356166;737;0.456092
504.jpg;Int;0.9890811443328857;Airbus;0.6040631;A330;0.44578043
571.jpg;Int;0.8840834498405457;Airbus;0.99894816;A330;0.9572136
928.jpg;Int;0.9979149699211121;Airbus;0.64364874;A321;0.3374251
354.jpg;Int;0.9572734236717224;Boeing;0.98185515;777;0.93349874
701.jpg;Int;0.9569198489189148;Airbus;0.98968875;A350;0.94528484
103.jpg;Int;0.9840794205665588;Boeing;0.5641718;777;0.9420757
661.jpg;Int;0.9003661870956421;Boeing;0.93884254;777;0.99413526
391.jpg;Int;0.9660712480545044;Airbus;0.56062216;A350;0.9000584
959.jpg;Ext;0.9480271935462952;Boeing;;757;0.26055288
647.jpg;Int;0.9993357062339783;Airbus;0.9171202;A330;0.91048235
370.jpg;Ext;0.9969162940979004;Airbus;;A350;0.20087011
341.jpg;Int;0.9705609679222107;Airbus;0.8804134;A330;0.6125357
1009.jpg;Int;0.9976276755332947;Boeing;0.9284615;777;0.9305972
653.jpg;Int;0.7230902314186096;Airbus;0.9609185;A330;0.43402448
850.jpg;Int;0.9768895506858826;Airbus;0.5037641;A330;0.49600804
930.jpg;Int;0.9942084550857544;Airbus;0.9380881;A330;0.96984774
965.jpg;Int;0.8896251916885376;Airbus;0.79941463;A350;0.5821127
300.jpg;Int;0.9873167276382446;Airbus;0.8708972;A350;0.7192233
1098.jpg;Int;0.9650040864944458;Airbus;0.7158789;A320;0.3647808
853.jpg;Int;0.9920663833618164;Boeing;0.8628516;737;0.75234187
944.jpg;Int;0.9960843324661255;Boeing;0.9873362;777;0.9959847
656.jpg;Meal;0.9670781493186951;;;;
427.jpg;Int;0.9992965459823608;Airbus;0.9771139;A350;0.97674733
191.jpg;Int;0.9945197701454163;Airbus;0.9972584;A350;0.8459536
878.jpg;Int;0.979885995388031;Airbus;0.6410712;A380;0.95099276
52.jpg;Int;0.9997485280036926;Airbus;0.8381156;A320;0.84385026
526.jpg;Int;0.930648922920227;Airbus;0.888337;A320;0.573185
636.jpg;Int;0.9802449345588684;Airbus;0.6464011;A350;0.7542324
799.jpg;Int;0.973645806312561;Boeing;0.98709726;777;0.9998672
745.jpg;Int;0.8840834498405457;Airbus;0.99894816;A330;0.9572136
993.jpg;Int;0.9890879392623901;Boeing;0.640276;737;0.721683
790.jpg;Int;0.9929983615875244;Boeing;0.84529454;737;0.48489174
590.jpg;Int;0.9720569252967834;Boeing;0.99906915;777;0.9999629
881.jpg;Meal;0.3686220049858093;;;;
556.jpg;Meal;0.3686220049858093;;;;
1110.jpg;Int;0.8913261294364929;Boeing;0.86816484;737;0.98943055
1083.jpg;Ext_Int;0.8435260057449341;;;;
910.jpg;Int;0.8913261294364929;Boeing;0.86816484;737;0.98943055
172.jpg;Int;0.8944754600524902;Airbus;0.99225813;A320;0.58921564
284.jpg;Int;0.9945197701454163;Airbus;0.9972584;A350;0.8459536
234.jpg;Ext;0.9969183206558228;Airbus;;A350;0.21039224
232.jpg;Ext_Int;0.9468724131584167;;;;
49.jpg;Ext;0.9996323585510254;Boeing;;777;0.17916578
580.jpg;Int;0.8146652579307556;Boeing;0.8607269;777;0.9876628
676.jpg;Int;0.9705609679222107;Airbus;0.8804134;A330;0.6125357
898.jpg;Int;0.9943337440490723;Airbus;0.64152205;A320;0.45828995
936.jpg;Int;0.9999557733535767;Boeing;0.9443639;737;0.87967694
273.jpg;Ext;0.9969183206558228;Airbus;;A350;0.21039224
315.jpg;Int;0.9986974596977234;Airbus;0.6091035;A330;0.99345833
703.jpg;Ext;0.8868367075920105;Airbus;;A380;0.2862636
565.jpg;Int;0.9890811443328857;Airbus;0.6040631;A330;0.44578043
394.jpg;Ext_Int;0.4538232684135437;;;;
353.jpg;Int;0.9701288342475891;Boeing;0.90501153;777;0.49978378
244.jpg;Int;0.9993886947631836;Boeing;0.8565806;777;0.99969816
127.jpg;Ext_Int;0.997183620929718;;;;
293.jpg;Int;0.9998570680618286;Boeing;0.9595049;777;0.99465466
400.jpg;Int;0.9976939558982849;Boeing;0.96733177;777;0.9926642
952.jpg;Ext;0.5454832911491394;Airbus;;A380;0.25688034
250.jpg;Int;0.9499719142913818;Airbus;0.81518936;A380;0.5054074
436.jpg;Int;0.9980068802833557;Boeing;0.8535095;777;0.9984932
579.jpg;Int;0.9985334873199463;Boeing;0.93943495;777;0.9758759
1036.jpg;Int;0.5313774347305298;Airbus;0.9973654;A350;0.85751563
1117.jpg;Int;0.9703263640403748;Boeing;0.5011231;777;0.9963863
